ts_utc,symbol,timeframe,price,horizon,p_up,p_range,p_down,top_label,top_prob,label_display,label_internal,regime_h1
2025-09-25 12:13:24,BTC/USDT,15m,111589.1,4,0.9123045206069946,0.003379319328814745,0.0843161940574646,UP,0.9123045206069946,UP,UP,BEAR
2025-09-25 12:13:24,BTC/USDT,15m,111589.1,8,0.9760293364524841,0.006046096794307232,0.017924614250659943,UP,0.9760293364524841,UP,UP,BEAR
2025-09-25 12:13:24,BTC/USDT,15m,111589.1,16,0.9961438179016113,0.00223410502076149,0.001622055540792644,UP,0.9961438179016113,UP,UP,BEAR
2025-09-25 12:18:30,BTC/USDT,15m,111519.82,4,0.886792004108429,0.10175524652004242,0.011452783830463886,UP,0.886792004108429,UP,UP,BEAR
2025-09-25 12:18:30,BTC/USDT,15m,111519.82,8,0.7848231196403503,0.208050936460495,0.007125976495444775,UP,0.7848231196403503,UP,UP,BEAR
2025-09-25 12:18:30,BTC/USDT,15m,111519.82,16,0.9866900444030762,0.007995253428816795,0.005314740817993879,UP,0.9866900444030762,UP,UP,BEAR
2025-09-25 12:23:37,BTC/USDT,15m,111521.97,4,0.9662115573883057,0.013735109008848667,0.02005331963300705,UP,0.9662115573883057,UP,UP,BEAR
2025-09-25 12:23:37,BTC/USDT,15m,111521.97,8,0.95805424451828,0.039926666766405106,0.0020190905779600143,UP,0.95805424451828,UP,UP,BEAR
2025-09-25 12:23:37,BTC/USDT,15m,111521.97,16,0.9878709316253662,0.0106887836009264,0.0014402586966753006,UP,0.9878709316253662,UP,UP,BEAR
2025-09-25 12:28:44,BTC/USDT,15m,111443.9,4,0.954045832157135,0.016815561801195145,0.02913859859108925,UP,0.954045832157135,UP,UP,BEAR
2025-09-25 12:28:44,BTC/USDT,15m,111443.9,8,0.9613254070281982,0.03741389140486717,0.0012607602402567863,UP,0.9613254070281982,UP,UP,BEAR
2025-09-25 12:28:44,BTC/USDT,15m,111443.9,16,0.9889655113220215,0.010008735582232475,0.0010257461108267307,UP,0.9889655113220215,UP,UP,BEAR
2025-09-25 12:33:50,BTC/USDT,15m,111393.18,4,0.9502105712890625,0.008041069842875004,0.04174834489822388,UP,0.9502105712890625,UP,UP,BEAR
2025-09-25 12:33:50,BTC/USDT,15m,111393.18,8,0.9895545244216919,0.006704225670546293,0.00374131603166461,UP,0.9895545244216919,UP,UP,BEAR
2025-09-25 12:33:50,BTC/USDT,15m,111393.18,16,0.9852696061134338,0.013621177524328232,0.001109234057366848,UP,0.9852696061134338,UP,UP,BEAR
2025-09-25 12:38:58,BTC/USDT,15m,111326.7,4,0.9708800911903381,0.007726304233074188,0.021393639966845512,UP,0.9708800911903381,UP,UP,BEAR
2025-09-25 12:38:58,BTC/USDT,15m,111326.7,8,0.9930485486984253,0.0033193875569850206,0.003632098203524947,UP,0.9930485486984253,UP,UP,BEAR
2025-09-25 12:38:58,BTC/USDT,15m,111326.7,16,0.987105131149292,0.01193239912390709,0.0009624853846617043,UP,0.987105131149292,UP,UP,BEAR
2025-09-25 12:44:04,BTC/USDT,15m,111440.0,4,0.9430912733078003,0.010526989586651325,0.046381812542676926,UP,0.9430912733078003,UP,UP,BEAR
2025-09-25 12:44:04,BTC/USDT,15m,111440.0,8,0.9902631044387817,0.005644814111292362,0.004092015326023102,UP,0.9902631044387817,UP,UP,BEAR
2025-09-25 12:44:04,BTC/USDT,15m,111440.0,16,0.9850517511367798,0.013787183910608292,0.0011611378286033869,UP,0.9850517511367798,UP,UP,BEAR
2025-09-25 12:49:11,BTC/USDT,15m,111223.32,4,0.9267231225967407,0.03397819399833679,0.039298657327890396,UP,0.9267231225967407,UP,UP,BEAR
2025-09-25 12:49:11,BTC/USDT,15m,111223.32,8,0.8915010690689087,0.09302195906639099,0.015476925298571587,UP,0.8915010690689087,UP,UP,BEAR
2025-09-25 12:49:11,BTC/USDT,15m,111223.32,16,0.9938832521438599,0.004301710519939661,0.0018150516552850604,UP,0.9938832521438599,UP,UP,BEAR
2025-09-25 12:54:17,BTC/USDT,15m,111320.41,4,0.9374306797981262,0.019248412922024727,0.043320875614881516,UP,0.9374306797981262,UP,UP,BEAR
2025-09-25 12:54:17,BTC/USDT,15m,111320.41,8,0.9430961012840271,0.046778708696365356,0.010125212371349335,UP,0.9430961012840271,UP,UP,BEAR
2025-09-25 12:54:17,BTC/USDT,15m,111320.41,16,0.9957017302513123,0.003792205825448036,0.0005060494877398014,UP,0.9957017302513123,UP,UP,BEAR
2025-09-25 12:59:27,BTC/USDT,15m,111181.33,4,0.9518917798995972,0.012077133171260357,0.0360310859978199,UP,0.9518917798995972,UP,UP,BEAR
2025-09-25 12:59:27,BTC/USDT,15m,111181.33,8,0.9781411290168762,0.018006907775998116,0.0038519769441336393,UP,0.9781411290168762,UP,UP,BEAR
2025-09-25 12:59:27,BTC/USDT,15m,111181.33,16,0.9937602877616882,0.005607588216662407,0.0006320840329863131,UP,0.9937602877616882,UP,UP,BEAR
2025-09-25 13:04:35,BTC/USDT,15m,110945.08,4,0.9399415254592896,0.0170910581946373,0.04296733811497688,UP,0.9399415254592896,UP,UP,BEAR
2025-09-25 13:04:35,BTC/USDT,15m,110945.08,8,0.9931856393814087,0.004526611417531967,0.002287758281454444,UP,0.9931856393814087,UP,UP,BEAR
2025-09-25 13:04:35,BTC/USDT,15m,110945.08,16,0.9924045205116272,0.007084695156663656,0.0005107926554046571,UP,0.9924045205116272,UP,UP,BEAR
2025-09-25 13:09:42,BTC/USDT,15m,110866.11,4,0.945728063583374,0.01879032514989376,0.03548157587647438,UP,0.945728063583374,UP,UP,BEAR
2025-09-25 13:09:42,BTC/USDT,15m,110866.11,8,0.9940352439880371,0.004734109155833721,0.0012305815471336246,UP,0.9940352439880371,UP,UP,BEAR
2025-09-25 13:09:42,BTC/USDT,15m,110866.11,16,0.9954277276992798,0.003976050764322281,0.0005962492432445288,UP,0.9954277276992798,UP,UP,BEAR
2025-09-25 13:14:50,BTC/USDT,15m,111269.85,4,0.9171472191810608,0.014547117054462433,0.06830563396215439,UP,0.9171472191810608,UP,UP,BEAR
2025-09-25 13:14:50,BTC/USDT,15m,111269.85,8,0.9946544170379639,0.0040174792520701885,0.0013280801940709352,UP,0.9946544170379639,UP,UP,BEAR
2025-09-25 13:14:50,BTC/USDT,15m,111269.85,16,0.9851173162460327,0.013855036348104477,0.0010275872191414237,UP,0.9851173162460327,UP,UP,BEAR
2025-09-25 13:19:56,BTC/USDT,15m,111516.02,4,0.647341787815094,0.019562797620892525,0.3330954611301422,UP,0.647341787815094,UP,RANGE,BEAR
2025-09-25 13:19:56,BTC/USDT,15m,111516.02,8,0.967187762260437,0.01928817294538021,0.013524079695343971,UP,0.967187762260437,UP,UP,BEAR
2025-09-25 13:19:56,BTC/USDT,15m,111516.02,16,0.9930826425552368,0.005844566039741039,0.0010727379703894258,UP,0.9930826425552368,UP,UP,BEAR
2025-09-25 13:25:03,BTC/USDT,15m,111545.67,4,0.6442229151725769,0.02173255756497383,0.33404451608657837,UP,0.6442229151725769,NEUTRE,RANGE,BEAR
2025-09-25 13:25:03,BTC/USDT,15m,111545.67,8,0.9660193920135498,0.02003548853099346,0.013945179991424084,UP,0.9660193920135498,UP,UP,BEAR
2025-09-25 13:25:03,BTC/USDT,15m,111545.67,16,0.993314802646637,0.005438022781163454,0.0012471391819417477,UP,0.993314802646637,UP,UP,BEAR
2025-09-25 13:30:09,BTC/USDT,15m,111551.05,4,0.8206835389137268,0.15877313911914825,0.020543335005640984,UP,0.8206835389137268,NEUTRE,UP,BEAR
2025-09-25 13:30:09,BTC/USDT,15m,111551.05,8,0.9674408435821533,0.018254099413752556,0.014305089600384235,UP,0.9674408435821533,UP,UP,BEAR
2025-09-25 13:30:09,BTC/USDT,15m,111551.05,16,0.9845326542854309,0.010342436842620373,0.005124908871948719,UP,0.9845326542854309,UP,UP,BEAR
2025-09-25 13:35:15,BTC/USDT,15m,111574.4,4,0.8614593744277954,0.10533808916807175,0.03320257365703583,UP,0.8614593744277954,UP,UP,BEAR
2025-09-25 13:35:15,BTC/USDT,15m,111574.4,8,0.9816948771476746,0.010524109937250614,0.007781004998832941,UP,0.9816948771476746,UP,UP,BEAR
2025-09-25 13:35:15,BTC/USDT,15m,111574.4,16,0.9938969016075134,0.005093317478895187,0.0010098156053572893,UP,0.9938969016075134,UP,UP,BEAR
2025-09-25 13:40:22,BTC/USDT,15m,111174.12,4,0.9245782494544983,0.03537481278181076,0.040046896785497665,UP,0.9245782494544983,UP,UP,BEAR
2025-09-25 13:40:22,BTC/USDT,15m,111174.12,8,0.9876793026924133,0.008324961178004742,0.003995717968791723,UP,0.9876793026924133,UP,UP,BEAR
2025-09-25 13:40:22,BTC/USDT,15m,111174.12,16,0.9955026507377625,0.0037122664507478476,0.0007851425325497985,UP,0.9955026507377625,UP,UP,BEAR
2025-09-25 13:45:28,BTC/USDT,15m,110719.63,4,0.9181199073791504,0.055456843227148056,0.026423221454024315,UP,0.9181199073791504,UP,UP,BEAR
2025-09-25 13:45:28,BTC/USDT,15m,110719.63,8,0.9906412959098816,0.00818166509270668,0.0011770199052989483,UP,0.9906412959098816,UP,UP,BEAR
2025-09-25 13:45:28,BTC/USDT,15m,110719.63,16,0.9806077480316162,0.01107123401015997,0.00832096766680479,UP,0.9806077480316162,UP,UP,BEAR
2025-09-25 13:50:34,BTC/USDT,15m,110996.86,4,0.9513774514198303,0.01753905601799488,0.031083449721336365,UP,0.9513774514198303,UP,UP,BEAR
2025-09-25 13:50:34,BTC/USDT,15m,110996.86,8,0.9951701760292053,0.0030861319974064827,0.0017436421476304531,UP,0.9951701760292053,UP,UP,BEAR
2025-09-25 13:50:34,BTC/USDT,15m,110996.86,16,0.9931984543800354,0.0051541319116950035,0.0016474027652293444,UP,0.9931984543800354,UP,UP,BEAR
2025-09-25 13:55:44,BTC/USDT,15m,110947.32,4,0.9399204850196838,0.022702861577272415,0.037376660853624344,UP,0.9399204850196838,UP,UP,BEAR
2025-09-25 13:55:44,BTC/USDT,15m,110947.32,8,0.9958978295326233,0.0024303155951201916,0.0016718294937163591,UP,0.9958978295326233,UP,UP,BEAR
2025-09-25 13:55:44,BTC/USDT,15m,110947.32,16,0.9879724383354187,0.009815852157771587,0.002211707178503275,UP,0.9879724383354187,UP,UP,BEAR
2025-09-25 14:00:52,BTC/USDT,15m,111000.01,4,0.8373008370399475,0.12112008780241013,0.04157911613583565,UP,0.8373008370399475,UP,UP,BEAR
2025-09-25 14:00:52,BTC/USDT,15m,111000.01,8,0.9091771841049194,0.07088543474674225,0.019937409088015556,UP,0.9091771841049194,UP,UP,BEAR
2025-09-25 14:00:52,BTC/USDT,15m,111000.01,16,0.9868459701538086,0.009758902713656425,0.0033951052464544773,UP,0.9868459701538086,UP,UP,BEAR
2025-09-25 14:06:00,BTC/USDT,15m,111119.29,4,0.8197356462478638,0.023086214438080788,0.15717820823192596,UP,0.8197356462478638,UP,UP,BEAR
2025-09-25 14:06:00,BTC/USDT,15m,111119.29,8,0.9285186529159546,0.02467367984354496,0.04680769145488739,UP,0.9285186529159546,UP,UP,BEAR
2025-09-25 14:06:00,BTC/USDT,15m,111119.29,16,0.9860339760780334,0.012254525907337666,0.0017115232767537236,UP,0.9860339760780334,UP,UP,BEAR
2025-09-25 14:11:06,BTC/USDT,15m,111223.07,4,0.830529510974884,0.0156392902135849,0.15383122861385345,UP,0.830529510974884,UP,UP,BEAR
2025-09-25 14:11:06,BTC/USDT,15m,111223.07,8,0.9660128355026245,0.0059165493585169315,0.028070634230971336,UP,0.9660128355026245,UP,UP,BEAR
2025-09-25 14:11:06,BTC/USDT,15m,111223.07,16,0.9905828237533569,0.008635876700282097,0.0007812504190951586,UP,0.9905828237533569,UP,UP,BEAR
2025-09-25 14:16:14,BTC/USDT,15m,111643.28,4,0.816534698009491,0.030194835737347603,0.15327046811580658,UP,0.816534698009491,UP,UP,BEAR
2025-09-25 14:16:14,BTC/USDT,15m,111643.28,8,0.9694832563400269,0.018371324986219406,0.012145440094172955,UP,0.9694832563400269,UP,UP,BEAR
2025-09-25 14:16:14,BTC/USDT,15m,111643.28,16,0.9874383807182312,0.00931777898222208,0.0032438591588288546,UP,0.9874383807182312,UP,UP,BEAR
2025-09-25 14:21:21,BTC/USDT,15m,111703.41,4,0.8525023460388184,0.022082755342125893,0.1254148930311203,UP,0.8525023460388184,UP,UP,BEAR
2025-09-25 14:21:21,BTC/USDT,15m,111703.41,8,0.9822694659233093,0.011077173054218292,0.006653334014117718,UP,0.9822694659233093,UP,UP,BEAR
2025-09-25 14:21:21,BTC/USDT,15m,111703.41,16,0.9859731197357178,0.01157681830227375,0.0024501148145645857,UP,0.9859731197357178,UP,UP,BEAR
2025-09-25 14:26:27,BTC/USDT,15m,111644.32,4,0.8243781328201294,0.025986868888139725,0.1496349573135376,UP,0.8243781328201294,UP,UP,BEAR
2025-09-25 14:26:27,BTC/USDT,15m,111644.32,8,0.9799453020095825,0.01368434727191925,0.006370337214320898,UP,0.9799453020095825,UP,UP,BEAR
2025-09-25 14:26:27,BTC/USDT,15m,111644.32,16,0.9880439639091492,0.009506307542324066,0.0024496931582689285,UP,0.9880439639091492,UP,UP,BEAR
2025-09-25 14:31:33,BTC/USDT,15m,111550.51,4,0.7863263487815857,0.17330405116081238,0.04036964103579521,UP,0.7863263487815857,UP,UP,BEAR
2025-09-25 14:31:33,BTC/USDT,15m,111550.51,8,0.9259818196296692,0.06514666974544525,0.00887152086943388,UP,0.9259818196296692,UP,UP,BEAR
2025-09-25 14:31:33,BTC/USDT,15m,111550.51,16,0.9726568460464478,0.014444263651967049,0.012898912653326988,UP,0.9726568460464478,UP,UP,BEAR
2025-09-25 14:36:40,BTC/USDT,15m,111580.0,4,0.8895847201347351,0.08739724010229111,0.02301802486181259,UP,0.8895847201347351,UP,UP,BEAR
2025-09-25 14:36:40,BTC/USDT,15m,111580.0,8,0.9870356917381287,0.010168730281293392,0.0027955675031989813,UP,0.9870356917381287,UP,UP,BEAR
2025-09-25 14:36:40,BTC/USDT,15m,111580.0,16,0.9898410439491272,0.007721643894910812,0.002437352668493986,UP,0.9898410439491272,UP,UP,BEAR
2025-09-25 14:41:46,BTC/USDT,15m,111369.74,4,0.8626052141189575,0.047667212784290314,0.08972761034965515,UP,0.8626052141189575,UP,UP,BEAR
2025-09-25 14:41:46,BTC/USDT,15m,111369.74,8,0.9944849610328674,0.0038412853609770536,0.0016737498808652163,UP,0.9944849610328674,UP,UP,BEAR
2025-09-25 14:41:46,BTC/USDT,15m,111369.74,16,0.987343430519104,0.009292514994740486,0.003364000003784895,UP,0.987343430519104,UP,UP,BEAR
2025-09-25 14:46:54,BTC/USDT,15m,111517.65,4,0.8144277930259705,0.16325578093528748,0.02231645956635475,UP,0.8144277930259705,UP,UP,BEAR
2025-09-25 14:46:54,BTC/USDT,15m,111517.65,8,0.9459808468818665,0.04683323949575424,0.0071859778836369514,UP,0.9459808468818665,UP,UP,BEAR
2025-09-25 14:46:54,BTC/USDT,15m,111517.65,16,0.9500124454498291,0.03589653596282005,0.014091039076447487,UP,0.9500124454498291,UP,UP,BEAR
2025-09-25 14:52:00,BTC/USDT,15m,111389.88,4,0.7305161952972412,0.2505892217159271,0.018894607201218605,UP,0.7305161952972412,UP,UP,BEAR
2025-09-25 14:52:00,BTC/USDT,15m,111389.88,8,0.9661327600479126,0.027203131467103958,0.00666408147662878,UP,0.9661327600479126,UP,UP,BEAR
2025-09-25 14:52:00,BTC/USDT,15m,111389.88,16,0.9617546796798706,0.02886452153325081,0.009380838833749294,UP,0.9617546796798706,UP,UP,BEAR
2025-09-25 14:57:07,BTC/USDT,15m,111564.43,4,0.8890895843505859,0.08311942219734192,0.027791017666459084,UP,0.8890895843505859,UP,UP,BEAR
2025-09-25 14:57:07,BTC/USDT,15m,111564.43,8,0.9859713912010193,0.009910601191222668,0.004118034150451422,UP,0.9859713912010193,UP,UP,BEAR
2025-09-25 14:57:07,BTC/USDT,15m,111564.43,16,0.9644932746887207,0.030409229919314384,0.005097478162497282,UP,0.9644932746887207,UP,UP,BEAR
2025-09-25 15:02:15,BTC/USDT,15m,111504.16,4,0.8714821934700012,0.0758114755153656,0.05270630121231079,UP,0.8714821934700012,UP,UP,BEAR
2025-09-25 15:02:15,BTC/USDT,15m,111504.16,8,0.9933972358703613,0.004686009604483843,0.001916772685945034,UP,0.9933972358703613,UP,UP,BEAR
2025-09-25 15:02:15,BTC/USDT,15m,111504.16,16,0.9727062582969666,0.014873167499899864,0.01242055743932724,UP,0.9727062582969666,UP,UP,BEAR
2025-09-25 15:07:24,BTC/USDT,15m,111436.62,4,0.8442791104316711,0.08909176290035248,0.06662911921739578,UP,0.8442791104316711,UP,UP,BEAR
2025-09-25 15:07:24,BTC/USDT,15m,111436.62,8,0.995269238948822,0.002956472570076585,0.0017742946511134505,UP,0.995269238948822,UP,UP,BEAR
2025-09-25 15:07:24,BTC/USDT,15m,111436.62,16,0.9819445610046387,0.012312836945056915,0.005742579232901335,UP,0.9819445610046387,UP,UP,BEAR
2025-09-25 15:12:32,BTC/USDT,15m,111248.17,4,0.9104602932929993,0.025652794167399406,0.06388688087463379,UP,0.9104602932929993,UP,UP,BEAR
2025-09-25 15:12:32,BTC/USDT,15m,111248.17,8,0.9989359974861145,0.00045539592974819243,0.0006085830391384661,UP,0.9989359974861145,UP,UP,BEAR
2025-09-25 15:12:32,BTC/USDT,15m,111248.17,16,0.9886718988418579,0.009593069553375244,0.0017350084381178021,UP,0.9886718988418579,UP,UP,BEAR
2025-09-25 15:17:38,BTC/USDT,15m,111315.62,4,0.9426422119140625,0.019272245466709137,0.03808547928929329,UP,0.9426422119140625,UP,UP,BEAR
2025-09-25 15:17:38,BTC/USDT,15m,111315.62,8,0.991899847984314,0.002269233111292124,0.0058309221640229225,UP,0.991899847984314,UP,UP,BEAR
2025-09-25 15:17:38,BTC/USDT,15m,111315.62,16,0.9798285365104675,0.006031297147274017,0.014140201732516289,UP,0.9798285365104675,UP,UP,BEAR
2025-09-25 15:22:45,BTC/USDT,15m,111111.12,4,0.9489132165908813,0.00702913012355566,0.04405772686004639,UP,0.9489132165908813,UP,UP,BEAR
2025-09-25 15:22:45,BTC/USDT,15m,111111.12,8,0.9971191883087158,0.00046300236135721207,0.0024177965242415667,UP,0.9971191883087158,UP,UP,BEAR
2025-09-25 15:22:45,BTC/USDT,15m,111111.12,16,0.9884567260742188,0.006795455235987902,0.004747805185616016,UP,0.9884567260742188,UP,UP,BEAR
2025-09-25 15:27:51,BTC/USDT,15m,110880.01,4,0.954369068145752,0.0049842908047139645,0.04064667224884033,UP,0.954369068145752,UP,UP,BEAR
2025-09-25 15:27:51,BTC/USDT,15m,110880.01,8,0.9981780052185059,0.00034711751504801214,0.0014749066904187202,UP,0.9981780052185059,UP,UP,BEAR
2025-09-25 15:27:51,BTC/USDT,15m,110880.01,16,0.992517352104187,0.004827389493584633,0.0026551743503659964,UP,0.992517352104187,UP,UP,BEAR
2025-09-25 15:33:06,BTC/USDT,15m,111049.66,4,0.9308744668960571,0.03142676502466202,0.037698790431022644,UP,0.9308744668960571,UP,UP,BEAR
2025-09-25 15:33:06,BTC/USDT,15m,111049.66,8,0.9843698740005493,0.007663311902433634,0.007966854609549046,UP,0.9843698740005493,UP,UP,BEAR
2025-09-25 15:33:06,BTC/USDT,15m,111049.66,16,0.9792103171348572,0.005021394230425358,0.015768282115459442,UP,0.9792103171348572,UP,UP,BEAR
2025-09-25 15:38:12,BTC/USDT,15m,111195.58,4,0.9006307125091553,0.012615003623068333,0.08675426989793777,UP,0.9006307125091553,UP,UP,BEAR
2025-09-25 15:38:12,BTC/USDT,15m,111195.58,8,0.9901061654090881,0.0016344675095751882,0.008259394206106663,UP,0.9901061654090881,UP,UP,BEAR
2025-09-25 15:38:12,BTC/USDT,15m,111195.58,16,0.9943633079528809,0.0019161005038768053,0.0037206406705081463,UP,0.9943633079528809,UP,UP,BEAR
2025-09-25 15:43:19,BTC/USDT,15m,111383.24,4,0.9091720581054688,0.009042483754456043,0.08178544044494629,UP,0.9091720581054688,UP,UP,BEAR
2025-09-25 15:43:19,BTC/USDT,15m,111383.24,8,0.993552565574646,0.0017994153313338757,0.00464803958311677,UP,0.993552565574646,UP,UP,BEAR
2025-09-25 15:43:19,BTC/USDT,15m,111383.24,16,0.9929596781730652,0.0031263609416782856,0.00391396414488554,UP,0.9929596781730652,UP,UP,BEAR
2025-09-25 15:48:27,BTC/USDT,15m,111372.82,4,0.9173498749732971,0.024040481075644493,0.058609653264284134,UP,0.9173498749732971,UP,UP,BEAR
2025-09-25 15:48:27,BTC/USDT,15m,111372.82,8,0.9144244194030762,0.04339988902211189,0.04217565804719925,UP,0.9144244194030762,UP,UP,BEAR
2025-09-25 15:48:27,BTC/USDT,15m,111372.82,16,0.9606322646141052,0.01606050506234169,0.023307211697101593,UP,0.9606322646141052,UP,UP,BEAR
2025-09-25 15:53:34,BTC/USDT,15m,111385.54,4,0.9478870630264282,0.009899524971842766,0.042213428765535355,UP,0.9478870630264282,UP,UP,BEAR
2025-09-25 15:53:34,BTC/USDT,15m,111385.54,8,0.9465615153312683,0.025338733568787575,0.028099743649363518,UP,0.9465615153312683,UP,UP,BEAR
2025-09-25 15:53:34,BTC/USDT,15m,111385.54,16,0.9803693890571594,0.010409140028059483,0.00922146812081337,UP,0.9803693890571594,UP,UP,BEAR
2025-09-25 15:58:41,BTC/USDT,15m,111469.74,4,0.9412512183189392,0.006401816848665476,0.05234699323773384,UP,0.9412512183189392,UP,UP,BEAR
2025-09-25 15:58:41,BTC/USDT,15m,111469.74,8,0.9461790919303894,0.027054762467741966,0.02676616981625557,UP,0.9461790919303894,UP,UP,BEAR
2025-09-25 15:58:41,BTC/USDT,15m,111469.74,16,0.9835719466209412,0.010160139761865139,0.006267846561968327,UP,0.9835719466209412,UP,UP,BEAR
2025-09-25 16:03:49,BTC/USDT,15m,111575.19,4,0.9450678825378418,0.03651755303144455,0.018414560705423355,UP,0.9450678825378418,UP,UP,BEAR
2025-09-25 16:03:49,BTC/USDT,15m,111575.19,8,0.9517548084259033,0.04266021028161049,0.005584980361163616,UP,0.9517548084259033,UP,UP,BEAR
2025-09-25 16:03:49,BTC/USDT,15m,111575.19,16,0.9686890840530396,0.017932988703250885,0.013377983123064041,UP,0.9686890840530396,UP,UP,BEAR
2025-09-25 16:08:57,BTC/USDT,15m,111589.89,4,0.9623382091522217,0.01736745983362198,0.020294319838285446,UP,0.9623382091522217,UP,UP,BEAR
2025-09-25 16:08:57,BTC/USDT,15m,111589.89,8,0.9945327043533325,0.0036495751701295376,0.0018177280435338616,UP,0.9945327043533325,UP,UP,BEAR
2025-09-25 16:08:57,BTC/USDT,15m,111589.89,16,0.9771732091903687,0.01924848183989525,0.0035783567000180483,UP,0.9771732091903687,UP,UP,BEAR
2025-09-25 16:14:05,BTC/USDT,15m,111542.55,4,0.9593249559402466,0.021518290042877197,0.01915670372545719,UP,0.9593249559402466,UP,UP,BEAR
2025-09-25 16:14:05,BTC/USDT,15m,111542.55,8,0.9930964112281799,0.004889324307441711,0.002014294732362032,UP,0.9930964112281799,UP,UP,BEAR
2025-09-25 16:14:05,BTC/USDT,15m,111542.55,16,0.9760711193084717,0.020674865692853928,0.00325401546433568,UP,0.9760711193084717,UP,UP,BEAR
2025-09-25 16:19:12,BTC/USDT,15m,111378.33,4,0.8869045972824097,0.09985161572694778,0.013243762776255608,UP,0.8869045972824097,UP,UP,BEAR
2025-09-25 16:19:12,BTC/USDT,15m,111378.33,8,0.9470721483230591,0.04941311851143837,0.0035147732123732567,UP,0.9470721483230591,UP,UP,BEAR
2025-09-25 16:19:12,BTC/USDT,15m,111378.33,16,0.9828242063522339,0.010766884312033653,0.006408897694200277,UP,0.9828242063522339,UP,UP,BEAR
2025-09-25 16:24:18,BTC/USDT,15m,111287.0,4,0.8401653170585632,0.12023824453353882,0.03959646448493004,UP,0.8401653170585632,UP,UP,BEAR
2025-09-25 16:24:18,BTC/USDT,15m,111287.0,8,0.9775006175041199,0.019222192466259003,0.0032771688420325518,UP,0.9775006175041199,UP,UP,BEAR
2025-09-25 16:24:18,BTC/USDT,15m,111287.0,16,0.9796103239059448,0.015540247783064842,0.004849408753216267,UP,0.9796103239059448,UP,UP,BEAR
2025-09-25 16:29:24,BTC/USDT,15m,111121.57,4,0.8619621396064758,0.07150857895612717,0.06652922928333282,UP,0.8619621396064758,UP,UP,BEAR
2025-09-25 16:29:24,BTC/USDT,15m,111121.57,8,0.9938467144966125,0.003715186147019267,0.002438110066577792,UP,0.9938467144966125,UP,UP,BEAR
2025-09-25 16:29:24,BTC/USDT,15m,111121.57,16,0.985314130783081,0.012336034327745438,0.0023497906513512135,UP,0.985314130783081,UP,UP,BEAR
2025-09-25 16:34:30,BTC/USDT,15m,111176.71,4,0.7050341963768005,0.12450912594795227,0.17045672237873077,UP,0.7050341963768005,UP,UP,BEAR
2025-09-25 16:34:30,BTC/USDT,15m,111176.71,8,0.9849478602409363,0.0022669511381536722,0.012785201892256737,UP,0.9849478602409363,UP,UP,BEAR
2025-09-25 16:34:30,BTC/USDT,15m,111176.71,16,0.9453339576721191,0.03890123963356018,0.015764830633997917,UP,0.9453339576721191,UP,UP,BEAR
2025-09-25 16:39:37,BTC/USDT,15m,111113.8,4,0.7775806188583374,0.1313011795282364,0.09111819416284561,UP,0.7775806188583374,UP,UP,BEAR
2025-09-25 16:39:37,BTC/USDT,15m,111113.8,8,0.9943510293960571,0.0008005077252164483,0.004848460201174021,UP,0.9943510293960571,UP,UP,BEAR
2025-09-25 16:39:37,BTC/USDT,15m,111113.8,16,0.9695202112197876,0.024217164143919945,0.006262597627937794,UP,0.9695202112197876,UP,UP,BEAR
2025-09-25 16:44:45,BTC/USDT,15m,111096.0,4,0.8891684412956238,0.0752268135547638,0.03560476377606392,UP,0.8891684412956238,UP,UP,BEAR
2025-09-25 16:44:45,BTC/USDT,15m,111096.0,8,0.9978400468826294,0.0003614090383052826,0.0017985021695494652,UP,0.9978400468826294,UP,UP,BEAR
2025-09-25 16:44:45,BTC/USDT,15m,111096.0,16,0.9873989820480347,0.009967497549951077,0.002633529482409358,UP,0.9873989820480347,UP,UP,BEAR
2025-09-25 16:49:51,BTC/USDT,15m,110978.57,4,0.8999621272087097,0.01222911011427641,0.08780882507562637,UP,0.8999621272087097,UP,UP,BEAR
2025-09-25 16:49:51,BTC/USDT,15m,110978.57,8,0.9942827224731445,0.002430280903354287,0.0032869894057512283,UP,0.9942827224731445,UP,UP,BEAR
2025-09-25 16:49:51,BTC/USDT,15m,110978.57,16,0.9965606331825256,0.0018735500052571297,0.0015657799085602164,UP,0.9965606331825256,UP,UP,BEAR
2025-09-25 16:54:58,BTC/USDT,15m,110962.36,4,0.9278220534324646,0.012731385417282581,0.05944657698273659,UP,0.9278220534324646,UP,UP,BEAR
2025-09-25 16:54:58,BTC/USDT,15m,110962.36,8,0.996644914150238,0.0015904156025499105,0.0017646285705268383,UP,0.996644914150238,UP,UP,BEAR
2025-09-25 16:54:58,BTC/USDT,15m,110962.36,16,0.9972388744354248,0.0018822760321199894,0.0008788477862253785,UP,0.9972388744354248,UP,UP,BEAR
2025-09-25 17:00:04,BTC/USDT,15m,110957.29,4,0.9366281032562256,0.011991799809038639,0.05138009786605835,UP,0.9366281032562256,UP,UP,BEAR
2025-09-25 17:00:04,BTC/USDT,15m,110957.29,8,0.9886624217033386,0.006314749363809824,0.005022845696657896,UP,0.9886624217033386,UP,UP,BEAR
2025-09-25 17:00:04,BTC/USDT,15m,110957.29,16,0.985813558101654,0.005270000547170639,0.008916378952562809,UP,0.985813558101654,UP,UP,BEAR
2025-09-25 17:05:10,BTC/USDT,15m,110815.22,4,0.8704622983932495,0.008917686529457569,0.12062002718448639,UP,0.8704622983932495,UP,UP,BEAR
2025-09-25 17:05:10,BTC/USDT,15m,110815.22,8,0.9869276881217957,0.007228384725749493,0.005843896418809891,UP,0.9869276881217957,UP,UP,BEAR
2025-09-25 17:05:10,BTC/USDT,15m,110815.22,16,0.9931313395500183,0.004746133927255869,0.0021224941592663527,UP,0.9931313395500183,UP,UP,BEAR
2025-09-25 17:10:17,BTC/USDT,15m,110683.48,4,0.9384657144546509,0.005350103136152029,0.056184154003858566,UP,0.9384657144546509,UP,UP,BEAR
2025-09-25 17:10:17,BTC/USDT,15m,110683.48,8,0.9952450394630432,0.003029117127880454,0.0017258829902857542,UP,0.9952450394630432,UP,UP,BEAR
2025-09-25 17:10:17,BTC/USDT,15m,110683.48,16,0.9976369142532349,0.0017142436699941754,0.0006488116341643035,UP,0.9976369142532349,UP,UP,BEAR
2025-09-25 17:15:23,BTC/USDT,15m,110399.99,4,0.8618054389953613,0.023756390437483788,0.11443820595741272,UP,0.8618054389953613,UP,UP,BEAR
2025-09-25 17:15:23,BTC/USDT,15m,110399.99,8,0.9387202858924866,0.051506299525499344,0.009773427620530128,UP,0.9387202858924866,UP,UP,BEAR
2025-09-25 17:15:23,BTC/USDT,15m,110399.99,16,0.9919273853302002,0.006401762831956148,0.0016708758193999529,UP,0.9919273853302002,UP,UP,BEAR
2025-09-25 17:20:30,BTC/USDT,15m,110111.0,4,0.5995684862136841,0.027981765568256378,0.37244975566864014,UP,0.5995684862136841,UP,RANGE,BEAR
2025-09-25 17:20:30,BTC/USDT,15m,110111.0,8,0.9733090400695801,0.02256590500473976,0.004125016741454601,UP,0.9733090400695801,UP,UP,BEAR
2025-09-25 17:20:30,BTC/USDT,15m,110111.0,16,0.989324152469635,0.00889929011464119,0.0017765570664778352,UP,0.989324152469635,UP,UP,BEAR
2025-09-25 17:25:38,BTC/USDT,15m,110100.0,4,0.5603185296058655,0.0291853416711092,0.41049614548683167,UP,0.5603185296058655,NEUTRE,RANGE,BEAR
2025-09-25 17:25:38,BTC/USDT,15m,110100.0,8,0.9738741517066956,0.021082550287246704,0.005043336655944586,UP,0.9738741517066956,UP,UP,BEAR
2025-09-25 17:25:38,BTC/USDT,15m,110100.0,16,0.9897673726081848,0.008429449051618576,0.0018031320068985224,UP,0.9897673726081848,UP,UP,BEAR
2025-09-25 17:30:46,BTC/USDT,15m,109970.66,4,0.6333417296409607,0.21124009788036346,0.15541818737983704,UP,0.6333417296409607,NEUTRE,RANGE,BEAR
2025-09-25 17:30:46,BTC/USDT,15m,109970.66,8,0.9091688990592957,0.0681220218539238,0.022709039971232414,UP,0.9091688990592957,UP,UP,BEAR
2025-09-25 17:30:46,BTC/USDT,15m,109970.66,16,0.9914510846138,0.006282453425228596,0.0022664463613182306,UP,0.9914510846138,UP,UP,BEAR
2025-09-25 17:35:52,BTC/USDT,15m,109657.52,4,0.5679899454116821,0.09174971282482147,0.3402603566646576,UP,0.5679899454116821,NEUTRE,RANGE,BEAR
2025-09-25 17:35:52,BTC/USDT,15m,109657.52,8,0.9881711006164551,0.006338507868349552,0.005490438546985388,UP,0.9881711006164551,UP,UP,BEAR
2025-09-25 17:35:52,BTC/USDT,15m,109657.52,16,0.9893452525138855,0.01010347343981266,0.000551321601960808,UP,0.9893452525138855,UP,UP,BEAR
2025-09-25 17:40:58,BTC/USDT,15m,109516.74,4,0.5874406099319458,0.08586911112070084,0.3266902565956116,UP,0.5874406099319458,NEUTRE,RANGE,BEAR
2025-09-25 17:40:58,BTC/USDT,15m,109516.74,8,0.9831656217575073,0.007678772788494825,0.009155623614788055,UP,0.9831656217575073,UP,UP,BEAR
2025-09-25 17:40:58,BTC/USDT,15m,109516.74,16,0.9893559813499451,0.010092117823660374,0.0005519410478882492,UP,0.9893559813499451,UP,UP,BEAR
2025-09-25 17:46:04,BTC/USDT,15m,109430.65,4,0.47216272354125977,0.42441344261169434,0.10342378914356232,UP,0.47216272354125977,NEUTRE,RANGE,BEAR
2025-09-25 17:46:04,BTC/USDT,15m,109430.65,8,0.8892865777015686,0.08571089059114456,0.02500256337225437,UP,0.8892865777015686,UP,UP,BEAR
2025-09-25 17:46:04,BTC/USDT,15m,109430.65,16,0.9702951312065125,0.027086518704891205,0.0026183605659753084,UP,0.9702951312065125,UP,UP,BEAR
2025-09-25 17:51:11,BTC/USDT,15m,109306.05,4,0.47513192892074585,0.1714460253715515,0.3534221053123474,UP,0.47513192892074585,NEUTRE,RANGE,BEAR
2025-09-25 17:51:11,BTC/USDT,15m,109306.05,8,0.9694487452507019,0.02375081554055214,0.006800408475100994,UP,0.9694487452507019,UP,UP,BEAR
2025-09-25 17:51:11,BTC/USDT,15m,109306.05,16,0.9588708877563477,0.04044517129659653,0.0006839682464487851,UP,0.9588708877563477,UP,UP,BEAR
2025-09-25 17:56:17,BTC/USDT,15m,109033.29,4,0.5395998358726501,0.17703184485435486,0.2833683490753174,UP,0.5395998358726501,NEUTRE,RANGE,BEAR
2025-09-25 17:56:17,BTC/USDT,15m,109033.29,8,0.9670168161392212,0.023828987032175064,0.009154142811894417,UP,0.9670168161392212,UP,UP,BEAR
2025-09-25 17:56:17,BTC/USDT,15m,109033.29,16,0.9527311325073242,0.046557243913412094,0.0007116624037735164,UP,0.9527311325073242,UP,UP,BEAR
2025-09-25 18:01:23,BTC/USDT,15m,108847.13,4,0.3786715567111969,0.20530904829502106,0.41601938009262085,DOWN,0.41601938009262085,NEUTRE,DOWN,BEAR
2025-09-25 18:01:23,BTC/USDT,15m,108847.13,8,0.925158679485321,0.05240548402070999,0.02243584580719471,UP,0.925158679485321,UP,UP,BEAR
2025-09-25 18:01:23,BTC/USDT,15m,108847.13,16,0.9781007766723633,0.02115766331553459,0.0007415866130031645,UP,0.9781007766723633,UP,UP,BEAR
2025-09-25 18:06:30,BTC/USDT,15m,108918.86,4,0.43920236825942993,0.19842424988746643,0.36237335205078125,UP,0.43920236825942993,NEUTRE,DOWN,BEAR
2025-09-25 18:06:30,BTC/USDT,15m,108918.86,8,0.9225552678108215,0.05610603839159012,0.021338671445846558,UP,0.9225552678108215,UP,UP,BEAR
2025-09-25 18:06:30,BTC/USDT,15m,108918.86,16,0.96595698595047,0.032691508531570435,0.001351485843770206,UP,0.96595698595047,UP,UP,BEAR
2025-09-25 18:11:36,BTC/USDT,15m,108914.82,4,0.4444502890110016,0.21321789920330048,0.3423318564891815,UP,0.4444502890110016,NEUTRE,RANGE,BEAR
2025-09-25 18:11:36,BTC/USDT,15m,108914.82,8,0.9480277895927429,0.028613444417715073,0.023358725011348724,UP,0.9480277895927429,UP,UP,BEAR
2025-09-25 18:11:36,BTC/USDT,15m,108914.82,16,0.9683238863945007,0.030432162806391716,0.0012439340353012085,UP,0.9683238863945007,UP,UP,BEAR
2025-09-25 18:16:42,BTC/USDT,15m,109180.03,4,0.6370833516120911,0.21664033830165863,0.1462763100862503,UP,0.6370833516120911,NEUTRE,RANGE,BEAR
2025-09-25 18:16:42,BTC/USDT,15m,109180.03,8,0.8369082808494568,0.11613856256008148,0.046953149139881134,UP,0.8369082808494568,UP,UP,BEAR
2025-09-25 18:16:42,BTC/USDT,15m,109180.03,16,0.988914430141449,0.008990738540887833,0.002094841795042157,UP,0.988914430141449,UP,UP,BEAR
2025-09-25 18:21:48,BTC/USDT,15m,109568.0,4,0.5955543518066406,0.07581806927919388,0.3286275565624237,UP,0.5955543518066406,NEUTRE,RANGE,BEAR
2025-09-25 18:21:48,BTC/USDT,15m,109568.0,8,0.9140405654907227,0.03240535035729408,0.05355410277843475,UP,0.9140405654907227,UP,UP,BEAR
2025-09-25 18:21:48,BTC/USDT,15m,109568.0,16,0.9867592453956604,0.012070607393980026,0.0011701498879119754,UP,0.9867592453956604,UP,UP,BEAR
2025-09-25 18:26:55,BTC/USDT,15m,109588.0,4,0.6095523238182068,0.07455796748399734,0.3158896565437317,UP,0.6095523238182068,NEUTRE,RANGE,BEAR
2025-09-25 18:26:55,BTC/USDT,15m,109588.0,8,0.9132757186889648,0.035760339349508286,0.05096396058797836,UP,0.9132757186889648,UP,UP,BEAR
2025-09-25 18:26:55,BTC/USDT,15m,109588.0,16,0.988349437713623,0.010523678734898567,0.0011269234819337726,UP,0.988349437713623,UP,UP,BEAR
2025-09-25 18:32:02,BTC/USDT,15m,109452.46,4,0.7355940341949463,0.15468257665634155,0.10972338169813156,UP,0.7355940341949463,NEUTRE,UP,BEAR
2025-09-25 18:32:02,BTC/USDT,15m,109452.46,8,0.8969993591308594,0.08768920600414276,0.01531138550490141,UP,0.8969993591308594,UP,UP,BEAR
2025-09-25 18:32:02,BTC/USDT,15m,109452.46,16,0.9880567789077759,0.009133229963481426,0.002809989731758833,UP,0.9880567789077759,UP,UP,BEAR
2025-09-25 18:37:08,BTC/USDT,15m,109445.44,4,0.6571715474128723,0.1204659715294838,0.2223624885082245,UP,0.6571715474128723,NEUTRE,RANGE,BEAR
2025-09-25 18:37:08,BTC/USDT,15m,109445.44,8,0.9285874962806702,0.05667763575911522,0.014734799973666668,UP,0.9285874962806702,UP,UP,BEAR
2025-09-25 18:37:08,BTC/USDT,15m,109445.44,16,0.9944332242012024,0.004999489523470402,0.0005673370906151831,UP,0.9944332242012024,UP,UP,BEAR
2025-09-25 18:42:15,BTC/USDT,15m,109628.0,4,0.7067727446556091,0.1022505909204483,0.19097666442394257,UP,0.7067727446556091,UP,UP,BEAR
2025-09-25 18:42:15,BTC/USDT,15m,109628.0,8,0.9727950096130371,0.018238818272948265,0.008966192603111267,UP,0.9727950096130371,UP,UP,BEAR
2025-09-25 18:42:15,BTC/USDT,15m,109628.0,16,0.9893141984939575,0.009771054610610008,0.0009146829252131283,UP,0.9893141984939575,UP,UP,BEAR
2025-09-25 18:47:23,BTC/USDT,15m,109358.33,4,0.8420346975326538,0.10889725387096405,0.04906805604696274,UP,0.8420346975326538,UP,UP,BEAR
2025-09-25 18:47:23,BTC/USDT,15m,109358.33,8,0.8150191903114319,0.1775561273097992,0.007424641866236925,UP,0.8150191903114319,UP,UP,BEAR
2025-09-25 18:47:23,BTC/USDT,15m,109358.33,16,0.991096019744873,0.006306193768978119,0.002597724087536335,UP,0.991096019744873,UP,UP,BEAR
2025-09-25 18:52:29,BTC/USDT,15m,109574.72,4,0.7371118664741516,0.05068618059158325,0.21220198273658752,UP,0.7371118664741516,UP,UP,BEAR
2025-09-25 18:52:29,BTC/USDT,15m,109574.72,8,0.8761767148971558,0.11736820638179779,0.006455083843320608,UP,0.8761767148971558,UP,UP,BEAR
2025-09-25 18:52:29,BTC/USDT,15m,109574.72,16,0.9868148565292358,0.012422177940607071,0.0007629437604919076,UP,0.9868148565292358,UP,UP,BEAR
2025-09-25 18:57:35,BTC/USDT,15m,109777.84,4,0.5916438102722168,0.03186137601733208,0.3764948546886444,UP,0.5916438102722168,UP,RANGE,BEAR
2025-09-25 18:57:35,BTC/USDT,15m,109777.84,8,0.9542087912559509,0.03794483467936516,0.007846345193684101,UP,0.9542087912559509,UP,UP,BEAR
2025-09-25 18:57:35,BTC/USDT,15m,109777.84,16,0.9873030781745911,0.011722937226295471,0.0009739574743434787,UP,0.9873030781745911,UP,UP,BEAR
2025-09-25 19:02:42,BTC/USDT,15m,109824.99,4,0.8813837766647339,0.026928871870040894,0.0916873887181282,UP,0.8813837766647339,UP,UP,BEAR
2025-09-25 19:02:42,BTC/USDT,15m,109824.99,8,0.8815410733222961,0.10170117765665054,0.016757793724536896,UP,0.8815410733222961,UP,UP,BEAR
2025-09-25 19:02:42,BTC/USDT,15m,109824.99,16,0.9901070594787598,0.0077932775020599365,0.0020996907260268927,UP,0.9901070594787598,UP,UP,BEAR
2025-09-25 19:07:50,BTC/USDT,15m,109766.33,4,0.8863298892974854,0.016988450661301613,0.09668165445327759,UP,0.8863298892974854,UP,UP,BEAR
2025-09-25 19:07:50,BTC/USDT,15m,109766.33,8,0.9362390041351318,0.05628693848848343,0.007474088575690985,UP,0.9362390041351318,UP,UP,BEAR
2025-09-25 19:07:50,BTC/USDT,15m,109766.33,16,0.9944908618927002,0.004506116267293692,0.0010030437260866165,UP,0.9944908618927002,UP,UP,BEAR
2025-09-25 19:12:56,BTC/USDT,15m,109644.54,4,0.808025598526001,0.032855208963155746,0.15911918878555298,UP,0.808025598526001,UP,UP,BEAR
2025-09-25 19:12:56,BTC/USDT,15m,109644.54,8,0.9507266283035278,0.04471679776906967,0.004556553438305855,UP,0.9507266283035278,UP,UP,BEAR
2025-09-25 19:12:56,BTC/USDT,15m,109644.54,16,0.996340274810791,0.0028539635241031647,0.0008057916420511901,UP,0.996340274810791,UP,UP,BEAR
2025-09-25 19:18:04,BTC/USDT,15m,109740.93,4,0.8958577513694763,0.061629943549633026,0.04251224175095558,UP,0.8958577513694763,UP,UP,BEAR
2025-09-25 19:18:04,BTC/USDT,15m,109740.93,8,0.969974935054779,0.027528544887900352,0.002496566856279969,UP,0.969974935054779,UP,UP,BEAR
2025-09-25 19:18:04,BTC/USDT,15m,109740.93,16,0.9850720763206482,0.0110463323071599,0.003881515935063362,UP,0.9850720763206482,UP,UP,BEAR
2025-09-25 19:23:11,BTC/USDT,15m,109958.24,4,0.8753955960273743,0.0076302108354866505,0.11697415262460709,UP,0.8753955960273743,UP,UP,BEAR
2025-09-25 19:23:11,BTC/USDT,15m,109958.24,8,0.9654932618141174,0.03211386129260063,0.0023929309099912643,UP,0.9654932618141174,UP,UP,BEAR
2025-09-25 19:23:11,BTC/USDT,15m,109958.24,16,0.995212197303772,0.00388956512324512,0.0008982666186057031,UP,0.995212197303772,UP,UP,BEAR
2025-09-25 19:28:17,BTC/USDT,15m,109770.66,4,0.8852089047431946,0.012905335985124111,0.10188572853803635,UP,0.8852089047431946,UP,UP,BEAR
2025-09-25 19:28:17,BTC/USDT,15m,109770.66,8,0.981650710105896,0.016981204971671104,0.0013680612901225686,UP,0.981650710105896,UP,UP,BEAR
2025-09-25 19:28:17,BTC/USDT,15m,109770.66,16,0.9939718842506409,0.005029957741498947,0.0009981243638321757,UP,0.9939718842506409,UP,UP,BEAR
2025-09-25 19:33:23,BTC/USDT,15m,109677.75,4,0.8706604838371277,0.04717636480927467,0.08216314762830734,UP,0.8706604838371277,UP,UP,BEAR
2025-09-25 19:33:23,BTC/USDT,15m,109677.75,8,0.9748139977455139,0.022202452644705772,0.0029835093300789595,UP,0.9748139977455139,UP,UP,BEAR
2025-09-25 19:33:23,BTC/USDT,15m,109677.75,16,0.9909167885780334,0.007924007251858711,0.0011591851944103837,UP,0.9909167885780334,UP,UP,BEAR
2025-09-25 19:38:30,BTC/USDT,15m,109585.69,4,0.8971405029296875,0.014197902753949165,0.08866159617900848,UP,0.8971405029296875,UP,UP,BEAR
2025-09-25 19:38:30,BTC/USDT,15m,109585.69,8,0.9817060828208923,0.01755763217806816,0.0007362082833424211,UP,0.9817060828208923,UP,UP,BEAR
2025-09-25 19:38:30,BTC/USDT,15m,109585.69,16,0.9931448698043823,0.006208727136254311,0.0006464383914135396,UP,0.9931448698043823,UP,UP,BEAR
2025-09-25 19:43:35,BTC/USDT,15m,109553.49,4,0.9002313017845154,0.011197192594408989,0.08857155591249466,UP,0.9002313017845154,UP,UP,BEAR
2025-09-25 19:43:35,BTC/USDT,15m,109553.49,8,0.9757378697395325,0.023589538410305977,0.0006725987186655402,UP,0.9757378697395325,UP,UP,BEAR
2025-09-25 19:43:35,BTC/USDT,15m,109553.49,16,0.9911441802978516,0.008088857866823673,0.0007669950136914849,UP,0.9911441802978516,UP,UP,BEAR
2025-09-25 19:48:41,BTC/USDT,15m,109475.06,4,0.9897689819335938,0.006017785519361496,0.004213230684399605,UP,0.9897689819335938,UP,UP,BEAR
2025-09-25 19:48:41,BTC/USDT,15m,109475.06,8,0.9926707744598389,0.005687054246664047,0.0016421664040535688,UP,0.9926707744598389,UP,UP,BEAR
2025-09-25 19:48:41,BTC/USDT,15m,109475.06,16,0.994776725769043,0.0026545394212007523,0.0025687171146273613,UP,0.994776725769043,UP,UP,BEAR
2025-09-25 19:53:50,BTC/USDT,15m,109381.05,4,0.9853339195251465,0.0039121238514781,0.010753992013633251,UP,0.9853339195251465,UP,UP,BEAR
2025-09-25 19:53:50,BTC/USDT,15m,109381.05,8,0.9965963959693909,0.002433935645967722,0.0009696246706880629,UP,0.9965963959693909,UP,UP,BEAR
2025-09-25 19:53:50,BTC/USDT,15m,109381.05,16,0.9966599941253662,0.0027100928127765656,0.0006299288361333311,UP,0.9966599941253662,UP,UP,BEAR
2025-09-25 19:58:56,BTC/USDT,15m,109367.38,4,0.9872485995292664,0.002789990743622184,0.00996143277734518,UP,0.9872485995292664,UP,UP,BEAR
2025-09-25 19:58:56,BTC/USDT,15m,109367.38,8,0.997154712677002,0.001984773902222514,0.0008604465983808041,UP,0.997154712677002,UP,UP,BEAR
2025-09-25 19:58:56,BTC/USDT,15m,109367.38,16,0.9957499504089355,0.003510827198624611,0.0007392551633529365,UP,0.9957499504089355,UP,UP,BEAR
2025-09-25 20:04:02,BTC/USDT,15m,109439.81,4,0.9113984704017639,0.06441109627485275,0.024190396070480347,UP,0.9113984704017639,UP,UP,BEAR
2025-09-25 20:04:02,BTC/USDT,15m,109439.81,8,0.9829550385475159,0.011542157270014286,0.005502830259501934,UP,0.9829550385475159,UP,UP,BEAR
2025-09-25 20:04:02,BTC/USDT,15m,109439.81,16,0.991414487361908,0.005158269312232733,0.0034271697513759136,UP,0.991414487361908,UP,UP,BEAR
2025-09-25 20:09:08,BTC/USDT,15m,109274.85,4,0.9292779564857483,0.030983656644821167,0.03973839432001114,UP,0.9292779564857483,UP,UP,BEAR
2025-09-25 20:09:08,BTC/USDT,15m,109274.85,8,0.9927829504013062,0.001880175550468266,0.0053368485532701015,UP,0.9927829504013062,UP,UP,BEAR
2025-09-25 20:09:08,BTC/USDT,15m,109274.85,16,0.9923474788665771,0.0058885179460048676,0.0017639754805713892,UP,0.9923474788665771,UP,UP,BEAR
2025-09-25 20:14:14,BTC/USDT,15m,109212.76,4,0.9270045757293701,0.02016546204686165,0.052830006927251816,UP,0.9270045757293701,UP,UP,BEAR
2025-09-25 20:14:14,BTC/USDT,15m,109212.76,8,0.996127188205719,0.001343073439784348,0.0025297491811215878,UP,0.996127188205719,UP,UP,BEAR
2025-09-25 20:14:14,BTC/USDT,15m,109212.76,16,0.9940890073776245,0.0046976604498922825,0.0012132994597777724,UP,0.9940890073776245,UP,UP,BEAR
2025-09-25 20:19:21,BTC/USDT,15m,109356.22,4,0.8609865307807922,0.10401097685098648,0.03500251844525337,UP,0.8609865307807922,UP,UP,BEAR
2025-09-25 20:19:21,BTC/USDT,15m,109356.22,8,0.9062091708183289,0.08326214551925659,0.01052866317331791,UP,0.9062091708183289,UP,UP,BEAR
2025-09-25 20:19:21,BTC/USDT,15m,109356.22,16,0.9902804493904114,0.0072237649001181126,0.002495822496712208,UP,0.9902804493904114,UP,UP,BEAR
2025-09-25 20:24:27,BTC/USDT,15m,109311.08,4,0.9086987376213074,0.051005031913518906,0.04029625654220581,UP,0.9086987376213074,UP,UP,BEAR
2025-09-25 20:24:27,BTC/USDT,15m,109311.08,8,0.9579946398735046,0.03555097058415413,0.006454384420067072,UP,0.9579946398735046,UP,UP,BEAR
2025-09-25 20:24:27,BTC/USDT,15m,109311.08,16,0.9911276698112488,0.008192160166800022,0.0006802561692893505,UP,0.9911276698112488,UP,UP,BEAR
2025-09-25 20:29:34,BTC/USDT,15m,109329.2,4,0.9179520010948181,0.03955399990081787,0.04249400645494461,UP,0.9179520010948181,UP,UP,BEAR
2025-09-25 20:29:34,BTC/USDT,15m,109329.2,8,0.9626716375350952,0.03204730898141861,0.005281080491840839,UP,0.9626716375350952,UP,UP,BEAR
2025-09-25 20:29:34,BTC/USDT,15m,109329.2,16,0.9926793575286865,0.0067505305632948875,0.0005700833280570805,UP,0.9926793575286865,UP,UP,BEAR
2025-09-25 20:34:42,BTC/USDT,15m,109321.16,4,0.7731745839118958,0.14617155492305756,0.0806538537144661,UP,0.7731745839118958,UP,UP,BEAR
2025-09-25 20:34:42,BTC/USDT,15m,109321.16,8,0.9519395232200623,0.04223599657416344,0.005824482999742031,UP,0.9519395232200623,UP,UP,BEAR
2025-09-25 20:34:42,BTC/USDT,15m,109321.16,16,0.9929261803627014,0.005184299778193235,0.001889524981379509,UP,0.9929261803627014,UP,UP,BEAR
2025-09-25 20:39:49,BTC/USDT,15m,109100.01,4,0.7950335144996643,0.03454253450036049,0.17042392492294312,UP,0.7950335144996643,UP,UP,BEAR
2025-09-25 20:39:49,BTC/USDT,15m,109100.01,8,0.9585036039352417,0.03560762479901314,0.005888759158551693,UP,0.9585036039352417,UP,UP,BEAR
2025-09-25 20:39:49,BTC/USDT,15m,109100.01,16,0.9932996034622192,0.006212884094566107,0.00048750723362900317,UP,0.9932996034622192,UP,UP,BEAR
2025-09-25 20:44:55,BTC/USDT,15m,109205.32,4,0.793459951877594,0.028198115527629852,0.17834186553955078,UP,0.793459951877594,UP,UP,BEAR
2025-09-25 20:44:55,BTC/USDT,15m,109205.32,8,0.9802066087722778,0.016773683950304985,0.00301969051361084,UP,0.9802066087722778,UP,UP,BEAR
2025-09-25 20:44:55,BTC/USDT,15m,109205.32,16,0.9925641417503357,0.007020608056336641,0.00041522225365042686,UP,0.9925641417503357,UP,UP,BEAR
2025-09-25 20:50:01,BTC/USDT,15m,109140.01,4,0.9730952978134155,0.01915610581636429,0.007748572155833244,UP,0.9730952978134155,UP,UP,BEAR
2025-09-25 20:50:01,BTC/USDT,15m,109140.01,8,0.9754432439804077,0.01857776939868927,0.00597900478169322,UP,0.9754432439804077,UP,UP,BEAR
2025-09-25 20:50:01,BTC/USDT,15m,109140.01,16,0.9973606467247009,0.001307426718994975,0.001331937499344349,UP,0.9973606467247009,UP,UP,BEAR
2025-09-25 20:55:07,BTC/USDT,15m,109144.8,4,0.9612738490104675,0.024263890460133553,0.014462240040302277,UP,0.9612738490104675,UP,UP,BEAR
2025-09-25 20:55:07,BTC/USDT,15m,109144.8,8,0.9797099828720093,0.01135637704282999,0.008933586068451405,UP,0.9797099828720093,UP,UP,BEAR
2025-09-25 20:55:07,BTC/USDT,15m,109144.8,16,0.9977971315383911,0.0011310010449960828,0.0010719229467213154,UP,0.9977971315383911,UP,UP,BEAR
2025-09-25 21:00:13,BTC/USDT,15m,109209.83,4,0.8395421504974365,0.09994780272245407,0.060510046780109406,UP,0.8395421504974365,UP,UP,BEAR
2025-09-25 21:00:13,BTC/USDT,15m,109209.83,8,0.8240200281143188,0.16664597392082214,0.009333950467407703,UP,0.8240200281143188,UP,UP,BEAR
2025-09-25 21:00:13,BTC/USDT,15m,109209.83,16,0.9879453182220459,0.008398386649787426,0.003656265791505575,UP,0.9879453182220459,UP,UP,BEAR
2025-09-25 21:05:19,BTC/USDT,15m,109203.29,4,0.8877275586128235,0.06491037458181381,0.0473620630800724,UP,0.8877275586128235,UP,UP,BEAR
2025-09-25 21:05:19,BTC/USDT,15m,109203.29,8,0.8545647263526917,0.13640183210372925,0.009033446200191975,UP,0.8545647263526917,UP,UP,BEAR
2025-09-25 21:05:19,BTC/USDT,15m,109203.29,16,0.9885351061820984,0.007926526479423046,0.003538355231285095,UP,0.9885351061820984,UP,UP,BEAR
2025-09-25 21:10:27,BTC/USDT,15m,109608.9,4,0.9280627369880676,0.011150993406772614,0.06078628450632095,UP,0.9280627369880676,UP,UP,BEAR
2025-09-25 21:10:27,BTC/USDT,15m,109608.9,8,0.9567709565162659,0.02943112701177597,0.013797901570796967,UP,0.9567709565162659,UP,UP,BEAR
2025-09-25 21:10:27,BTC/USDT,15m,109608.9,16,0.9888646602630615,0.009289071895182133,0.0018462507287040353,UP,0.9888646602630615,UP,UP,BEAR
2025-09-25 21:15:33,BTC/USDT,15m,109423.73,4,0.8769540786743164,0.11567655950784683,0.007369328290224075,UP,0.8769540786743164,UP,UP,BEAR
2025-09-25 21:15:33,BTC/USDT,15m,109423.73,8,0.9185687899589539,0.077578604221344,0.00385261420160532,UP,0.9185687899589539,UP,UP,BEAR
2025-09-25 21:15:33,BTC/USDT,15m,109423.73,16,0.9906178116798401,0.005944528616964817,0.0034376871772110462,UP,0.9906178116798401,UP,UP,BEAR
2025-09-25 21:20:40,BTC/USDT,15m,109551.63,4,0.9517190456390381,0.03341234475374222,0.014868590049445629,UP,0.9517190456390381,UP,UP,BEAR
2025-09-25 21:20:40,BTC/USDT,15m,109551.63,8,0.7997079491615295,0.19451695680618286,0.005775074474513531,UP,0.7997079491615295,UP,UP,BEAR
2025-09-25 21:20:40,BTC/USDT,15m,109551.63,16,0.9886815547943115,0.008342052809894085,0.002976395422592759,UP,0.9886815547943115,UP,UP,BEAR
2025-09-25 21:25:46,BTC/USDT,15m,109507.97,4,0.9482500553131104,0.03316372632980347,0.01858622394502163,UP,0.9482500553131104,UP,UP,BEAR
2025-09-25 21:25:46,BTC/USDT,15m,109507.97,8,0.9427365064620972,0.052160896360874176,0.00510257575660944,UP,0.9427365064620972,UP,UP,BEAR
2025-09-25 21:25:46,BTC/USDT,15m,109507.97,16,0.9906594753265381,0.007825088687241077,0.0015155222499743104,UP,0.9906594753265381,UP,UP,BEAR
2025-09-25 21:30:53,BTC/USDT,15m,109315.0,4,0.9721090793609619,0.021976018324494362,0.005914901848882437,UP,0.9721090793609619,UP,UP,BEAR
2025-09-25 21:30:53,BTC/USDT,15m,109315.0,8,0.9656683206558228,0.03257337585091591,0.0017582838190719485,UP,0.9656683206558228,UP,UP,BEAR
2025-09-25 21:30:53,BTC/USDT,15m,109315.0,16,0.9916836023330688,0.005036921706050634,0.0032794384751468897,UP,0.9916836023330688,UP,UP,BEAR
2025-09-25 21:35:59,BTC/USDT,15m,109100.0,4,0.987138569355011,0.007835794240236282,0.005025656893849373,UP,0.987138569355011,UP,UP,BEAR
2025-09-25 21:35:59,BTC/USDT,15m,109100.0,8,0.9855605959892273,0.011432462371885777,0.0030069078784435987,UP,0.9855605959892273,UP,UP,BEAR
2025-09-25 21:35:59,BTC/USDT,15m,109100.0,16,0.993924081325531,0.002843477064743638,0.003232453716918826,UP,0.993924081325531,UP,UP,BEAR
2025-09-25 21:41:05,BTC/USDT,15m,109086.8,4,0.9867107272148132,0.0067002740688622,0.006589017808437347,UP,0.9867107272148132,UP,UP,BEAR
2025-09-25 21:41:05,BTC/USDT,15m,109086.8,8,0.9918529391288757,0.005551626440137625,0.002595449797809124,UP,0.9918529391288757,UP,UP,BEAR
2025-09-25 21:41:05,BTC/USDT,15m,109086.8,16,0.9951140880584717,0.002564671216532588,0.0023212272208184004,UP,0.9951140880584717,UP,UP,BEAR
2025-09-25 21:46:11,BTC/USDT,15m,109238.82,4,0.8820208311080933,0.09438225626945496,0.02359692007303238,UP,0.8820208311080933,UP,UP,BEAR
2025-09-25 21:46:11,BTC/USDT,15m,109238.82,8,0.7778814435005188,0.21406131982803345,0.00805724784731865,UP,0.7778814435005188,UP,UP,BEAR
2025-09-25 21:46:11,BTC/USDT,15m,109238.82,16,0.9833987951278687,0.01352656353265047,0.0030746248085051775,UP,0.9833987951278687,UP,UP,BEAR
2025-09-25 21:51:18,BTC/USDT,15m,109379.84,4,0.9452159404754639,0.030485648661851883,0.024298371747136116,UP,0.9452159404754639,UP,UP,BEAR
2025-09-25 21:51:18,BTC/USDT,15m,109379.84,8,0.9289739727973938,0.0614386647939682,0.00958741083741188,UP,0.9289739727973938,UP,UP,BEAR
2025-09-25 21:51:18,BTC/USDT,15m,109379.84,16,0.9851589798927307,0.012317346408963203,0.0025236199144273996,UP,0.9851589798927307,UP,UP,BEAR
2025-09-25 21:56:24,BTC/USDT,15m,109417.51,4,0.9503574967384338,0.02108176238834858,0.028560742735862732,UP,0.9503574967384338,UP,UP,BEAR
2025-09-25 21:56:24,BTC/USDT,15m,109417.51,8,0.920570433139801,0.0728977620601654,0.006531810387969017,UP,0.920570433139801,UP,UP,BEAR
2025-09-25 21:56:24,BTC/USDT,15m,109417.51,16,0.9864675402641296,0.011163934133946896,0.002368513261899352,UP,0.9864675402641296,UP,UP,BEAR
2025-09-25 22:01:30,BTC/USDT,15m,109420.0,4,0.8802078366279602,0.0957460105419159,0.024046091362833977,UP,0.8802078366279602,UP,UP,BEAR
2025-09-25 22:01:30,BTC/USDT,15m,109420.0,8,0.9482573866844177,0.041733767837285995,0.01000882312655449,UP,0.9482573866844177,UP,UP,BEAR
2025-09-25 22:01:30,BTC/USDT,15m,109420.0,16,0.9885878562927246,0.008494887501001358,0.0029172354843467474,UP,0.9885878562927246,UP,UP,BEAR
2025-09-25 22:06:36,BTC/USDT,15m,109363.94,4,0.9051972031593323,0.08069607615470886,0.014106741175055504,UP,0.9051972031593323,UP,UP,BEAR
2025-09-25 22:06:36,BTC/USDT,15m,109363.94,8,0.9823634624481201,0.011093970388174057,0.006542512681335211,UP,0.9823634624481201,UP,UP,BEAR
2025-09-25 22:06:36,BTC/USDT,15m,109363.94,16,0.9899522662162781,0.007752333302050829,0.002295431913807988,UP,0.9899522662162781,UP,UP,BEAR
2025-09-25 22:11:43,BTC/USDT,15m,109504.0,4,0.8818618059158325,0.05345499515533447,0.06468323618173599,UP,0.8818618059158325,UP,UP,BEAR
2025-09-25 22:11:43,BTC/USDT,15m,109504.0,8,0.9799394607543945,0.01126508042216301,0.008795436471700668,UP,0.9799394607543945,UP,UP,BEAR
2025-09-25 22:11:43,BTC/USDT,15m,109504.0,16,0.9879180788993835,0.010660848580300808,0.001421021530404687,UP,0.9879180788993835,UP,UP,BEAR
2025-09-25 22:16:50,BTC/USDT,15m,109547.01,4,0.930428147315979,0.03942370414733887,0.03014814294874668,UP,0.930428147315979,UP,UP,BEAR
2025-09-25 22:16:50,BTC/USDT,15m,109547.01,8,0.9820702075958252,0.014204432256519794,0.0037253107875585556,UP,0.9820702075958252,UP,UP,BEAR
2025-09-25 22:16:50,BTC/USDT,15m,109547.01,16,0.9890885353088379,0.008068117313086987,0.002843382302671671,UP,0.9890885353088379,UP,UP,BEAR
2025-09-25 22:21:57,BTC/USDT,15m,109541.04,4,0.9634482264518738,0.0278554018586874,0.008696337230503559,UP,0.9634482264518738,UP,UP,BEAR
2025-09-25 22:21:57,BTC/USDT,15m,109541.04,8,0.9783046245574951,0.01826222985982895,0.0034331143833696842,UP,0.9783046245574951,UP,UP,BEAR
2025-09-25 22:21:57,BTC/USDT,15m,109541.04,16,0.9899644255638123,0.007321319077163935,0.002714233472943306,UP,0.9899644255638123,UP,UP,BEAR
2025-09-25 22:27:02,BTC/USDT,15m,109545.23,4,0.9760609269142151,0.015542007982730865,0.008397071622312069,UP,0.9760609269142151,UP,UP,BEAR
2025-09-25 22:27:02,BTC/USDT,15m,109545.23,8,0.9586715698242188,0.03639793023467064,0.004930525086820126,UP,0.9586715698242188,UP,UP,BEAR
2025-09-25 22:27:02,BTC/USDT,15m,109545.23,16,0.989791750907898,0.007666526362299919,0.002541686175391078,UP,0.989791750907898,UP,UP,BEAR
2025-09-25 22:32:08,BTC/USDT,15m,109445.24,4,0.9043945074081421,0.08937275409698486,0.006232726387679577,UP,0.9043945074081421,UP,UP,BEAR
2025-09-25 22:32:08,BTC/USDT,15m,109445.24,8,0.9011324048042297,0.0950065553188324,0.0038610792253166437,UP,0.9011324048042297,UP,UP,BEAR
2025-09-25 22:32:08,BTC/USDT,15m,109445.24,16,0.9835211038589478,0.013408645056188107,0.003070251550525427,UP,0.9835211038589478,UP,UP,BEAR
2025-09-25 22:37:14,BTC/USDT,15m,109482.61,4,0.8924892544746399,0.10012723505496979,0.0073835477232933044,UP,0.8924892544746399,UP,UP,BEAR
2025-09-25 22:37:14,BTC/USDT,15m,109482.61,8,0.8951902985572815,0.09573255479335785,0.009077140130102634,UP,0.8951902985572815,UP,UP,BEAR
2025-09-25 22:37:14,BTC/USDT,15m,109482.61,16,0.9829456806182861,0.014322999864816666,0.0027312706224620342,UP,0.9829456806182861,UP,UP,BEAR
2025-09-25 22:42:20,BTC/USDT,15m,109416.0,4,0.9623470306396484,0.033131685107946396,0.004521221853792667,UP,0.9623470306396484,UP,UP,BEAR
2025-09-25 22:42:20,BTC/USDT,15m,109416.0,8,0.8205510377883911,0.17599117755889893,0.003457804676145315,UP,0.8205510377883911,UP,UP,BEAR
2025-09-25 22:42:20,BTC/USDT,15m,109416.0,16,0.9908742904663086,0.006966553162783384,0.0021591647528111935,UP,0.9908742904663086,UP,UP,BEAR
2025-09-25 22:47:27,BTC/USDT,15m,109300.0,4,0.9304609298706055,0.06346496939659119,0.006074088625609875,UP,0.9304609298706055,UP,UP,BEAR
2025-09-25 22:47:27,BTC/USDT,15m,109300.0,8,0.9918659329414368,0.006831924431025982,0.0013021365739405155,UP,0.9918659329414368,UP,UP,BEAR
2025-09-25 22:47:27,BTC/USDT,15m,109300.0,16,0.9829062819480896,0.014733712188899517,0.002359933452680707,UP,0.9829062819480896,UP,UP,BEAR
2025-09-25 22:52:33,BTC/USDT,15m,109311.58,4,0.9135224223136902,0.07456102222204208,0.011916532181203365,UP,0.9135224223136902,UP,UP,BEAR
2025-09-25 22:52:33,BTC/USDT,15m,109311.58,8,0.9914773106575012,0.00634445296600461,0.002178253373131156,UP,0.9914773106575012,UP,UP,BEAR
2025-09-25 22:52:33,BTC/USDT,15m,109311.58,16,0.9846974611282349,0.012993005104362965,0.0023095060605555773,UP,0.9846974611282349,UP,UP,BEAR
2025-09-25 22:57:39,BTC/USDT,15m,109410.11,4,0.9542985558509827,0.03180534765124321,0.013896076008677483,UP,0.9542985558509827,UP,UP,BEAR
2025-09-25 22:57:39,BTC/USDT,15m,109410.11,8,0.9958011507987976,0.0026074182242155075,0.0015914563555270433,UP,0.9958011507987976,UP,UP,BEAR
2025-09-25 22:57:39,BTC/USDT,15m,109410.11,16,0.986541748046875,0.01181627344340086,0.00164191541261971,UP,0.986541748046875,UP,UP,BEAR
2025-09-25 23:02:45,BTC/USDT,15m,109446.8,4,0.963166356086731,0.02031104639172554,0.0165226012468338,UP,0.963166356086731,UP,UP,BEAR
2025-09-25 23:02:45,BTC/USDT,15m,109446.8,8,0.985937774181366,0.011694489978253841,0.002367704175412655,UP,0.985937774181366,UP,UP,BEAR
2025-09-25 23:02:45,BTC/USDT,15m,109446.8,16,0.9901143312454224,0.007398081012070179,0.0024875865783542395,UP,0.9901143312454224,UP,UP,BEAR
2025-09-25 23:07:50,BTC/USDT,15m,109634.26,4,0.935528576374054,0.008498918265104294,0.05597243085503578,UP,0.935528576374054,UP,UP,BEAR
2025-09-25 23:07:50,BTC/USDT,15m,109634.26,8,0.9883027672767639,0.009325236082077026,0.002371957991272211,UP,0.9883027672767639,UP,UP,BEAR
2025-09-25 23:07:50,BTC/USDT,15m,109634.26,16,0.9875099658966064,0.011488388292491436,0.0010016266023740172,UP,0.9875099658966064,UP,UP,BEAR
2025-09-25 23:12:56,BTC/USDT,15m,109613.52,4,0.9439297318458557,0.006985809653997421,0.04908449947834015,UP,0.9439297318458557,UP,UP,BEAR
2025-09-25 23:12:56,BTC/USDT,15m,109613.52,8,0.9943969249725342,0.004265969153493643,0.0013371128588914871,UP,0.9943969249725342,UP,UP,BEAR
2025-09-25 23:12:56,BTC/USDT,15m,109613.52,16,0.9877862930297852,0.011365929618477821,0.0008477534865960479,UP,0.9877862930297852,UP,UP,BEAR
2025-09-25 23:18:03,BTC/USDT,15m,109482.61,4,0.964805006980896,0.02669130638241768,0.008503678254783154,UP,0.964805006980896,UP,UP,BEAR
2025-09-25 23:18:03,BTC/USDT,15m,109482.61,8,0.9745972752571106,0.023905549198389053,0.0014972552889958024,UP,0.9745972752571106,UP,UP,BEAR
2025-09-25 23:18:03,BTC/USDT,15m,109482.61,16,0.9914332628250122,0.004951144568622112,0.0036155872512608767,UP,0.9914332628250122,UP,UP,BEAR
2025-09-25 23:23:10,BTC/USDT,15m,109447.31,4,0.9798588752746582,0.012976650148630142,0.007164528593420982,UP,0.9798588752746582,UP,UP,BEAR
2025-09-25 23:23:10,BTC/USDT,15m,109447.31,8,0.9793103337287903,0.019670356065034866,0.0010193149792030454,UP,0.9793103337287903,UP,UP,BEAR
2025-09-25 23:23:10,BTC/USDT,15m,109447.31,16,0.9905155897140503,0.0060264356434345245,0.003458023304119706,UP,0.9905155897140503,UP,UP,BEAR
2025-09-25 23:28:16,BTC/USDT,15m,109352.02,4,0.9825150966644287,0.0028202086687088013,0.014664722606539726,UP,0.9825150966644287,UP,UP,BEAR
2025-09-25 23:28:16,BTC/USDT,15m,109352.02,8,0.997671902179718,0.0019126118859276175,0.0004154431517235935,UP,0.997671902179718,UP,UP,BEAR
2025-09-25 23:28:16,BTC/USDT,15m,109352.02,16,0.9863821268081665,0.01271770242601633,0.000900189159438014,UP,0.9863821268081665,UP,UP,BEAR
2025-09-25 23:33:22,BTC/USDT,15m,109240.82,4,0.9806466102600098,0.015928193926811218,0.0034252482000738382,UP,0.9806466102600098,UP,UP,BEAR
2025-09-25 23:33:22,BTC/USDT,15m,109240.82,8,0.9904768466949463,0.007655073888599873,0.0018680647481232882,UP,0.9904768466949463,UP,UP,BEAR
2025-09-25 23:33:22,BTC/USDT,15m,109240.82,16,0.9868485927581787,0.00876941904425621,0.004381921142339706,UP,0.9868485927581787,UP,UP,BEAR
2025-09-25 23:38:27,BTC/USDT,15m,108982.77,4,0.9863294959068298,0.002803180133923888,0.010867285542190075,UP,0.9863294959068298,UP,UP,BEAR
2025-09-25 23:38:27,BTC/USDT,15m,108982.77,8,0.9963439106941223,0.0028363834135234356,0.000819668173789978,UP,0.9963439106941223,UP,UP,BEAR
2025-09-25 23:38:27,BTC/USDT,15m,108982.77,16,0.9925855994224548,0.006254796404391527,0.0011595434043556452,UP,0.9925855994224548,UP,UP,BEAR
2025-09-25 23:43:34,BTC/USDT,15m,109057.07,4,0.9864525198936462,0.0028863027691841125,0.010661192238330841,UP,0.9864525198936462,UP,UP,BEAR
2025-09-25 23:43:34,BTC/USDT,15m,109057.07,8,0.9963028430938721,0.002708354266360402,0.000988825224339962,UP,0.9963028430938721,UP,UP,BEAR
2025-09-25 23:43:34,BTC/USDT,15m,109057.07,16,0.9903415441513062,0.00848054327070713,0.0011778834741562605,UP,0.9903415441513062,UP,UP,BEAR
2025-09-25 23:48:41,BTC/USDT,15m,109033.5,4,0.9494827389717102,0.036115631461143494,0.014401578344404697,UP,0.9494827389717102,UP,UP,BEAR
2025-09-25 23:48:41,BTC/USDT,15m,109033.5,8,0.9860592484474182,0.011289569549262524,0.0026511582545936108,UP,0.9860592484474182,UP,UP,BEAR
2025-09-25 23:48:41,BTC/USDT,15m,109033.5,16,0.9892392158508301,0.007257523946464062,0.003503277897834778,UP,0.9892392158508301,UP,UP,BEAR
2025-09-25 23:53:48,BTC/USDT,15m,108960.41,4,0.9659078121185303,0.006530945189297199,0.027561232447624207,UP,0.9659078121185303,UP,UP,BEAR
2025-09-25 23:53:48,BTC/USDT,15m,108960.41,8,0.9951293468475342,0.0036895200610160828,0.0011810766300186515,UP,0.9951293468475342,UP,UP,BEAR
2025-09-25 23:53:48,BTC/USDT,15m,108960.41,16,0.9910974502563477,0.007792607881128788,0.0011099561816081405,UP,0.9910974502563477,UP,UP,BEAR
2025-09-25 23:58:53,BTC/USDT,15m,108999.97,4,0.9766185283660889,0.005592636298388243,0.0177888423204422,UP,0.9766185283660889,UP,UP,BEAR
2025-09-25 23:58:53,BTC/USDT,15m,108999.97,8,0.9965906143188477,0.0023404026869684458,0.0010689485352486372,UP,0.9965906143188477,UP,UP,BEAR
2025-09-25 23:58:53,BTC/USDT,15m,108999.97,16,0.9869510531425476,0.011707826517522335,0.001341148279607296,UP,0.9869510531425476,UP,UP,BEAR
2025-09-26 00:03:59,BTC/USDT,15m,109228.76,4,0.9635584950447083,0.006274163257330656,0.0301673486828804,UP,0.9635584950447083,UP,UP,BEAR
2025-09-26 00:03:59,BTC/USDT,15m,109228.76,8,0.9880240559577942,0.004722023848444223,0.007253875490278006,UP,0.9880240559577942,UP,UP,BEAR
2025-09-26 00:03:59,BTC/USDT,15m,109228.76,16,0.9908083081245422,0.008325121365487576,0.0008666053181514144,UP,0.9908083081245422,UP,UP,BEAR
2025-09-26 00:09:05,BTC/USDT,15m,109300.0,4,0.9718263745307922,0.00742797227576375,0.02074565552175045,UP,0.9718263745307922,UP,UP,BEAR
2025-09-26 00:09:05,BTC/USDT,15m,109300.0,8,0.9893739819526672,0.007193326018750668,0.003432714380323887,UP,0.9893739819526672,UP,UP,BEAR
2025-09-26 00:09:05,BTC/USDT,15m,109300.0,16,0.9837257266044617,0.015363511629402637,0.0009107875521294773,UP,0.9837257266044617,UP,UP,BEAR
2025-09-26 00:14:11,BTC/USDT,15m,109306.5,4,0.9746499061584473,0.0077421595342457294,0.01760793663561344,UP,0.9746499061584473,UP,UP,BEAR
2025-09-26 00:14:11,BTC/USDT,15m,109306.5,8,0.9889973402023315,0.00755335995927453,0.003449380863457918,UP,0.9889973402023315,UP,UP,BEAR
2025-09-26 00:14:11,BTC/USDT,15m,109306.5,16,0.9845144748687744,0.014593245461583138,0.0008922816487029195,UP,0.9845144748687744,UP,UP,BEAR
2025-09-26 00:19:17,BTC/USDT,15m,109291.49,4,0.9051288962364197,0.08216522634029388,0.01270592026412487,UP,0.9051288962364197,UP,UP,BEAR
2025-09-26 00:19:17,BTC/USDT,15m,109291.49,8,0.9813403487205505,0.01498520839959383,0.003674432635307312,UP,0.9813403487205505,UP,UP,BEAR
2025-09-26 00:19:17,BTC/USDT,15m,109291.49,16,0.9859330058097839,0.010045822709798813,0.0040211062878370285,UP,0.9859330058097839,UP,UP,BEAR
2025-09-26 00:24:23,BTC/USDT,15m,109297.39,4,0.9322683215141296,0.046628985553979874,0.021102754399180412,UP,0.9322683215141296,UP,UP,BEAR
2025-09-26 00:24:23,BTC/USDT,15m,109297.39,8,0.9918368458747864,0.005529708229005337,0.0026334046851843596,UP,0.9918368458747864,UP,UP,BEAR
2025-09-26 00:24:23,BTC/USDT,15m,109297.39,16,0.9889944195747375,0.00943200197070837,0.0015736180357635021,UP,0.9889944195747375,UP,UP,BEAR
2025-09-26 00:29:30,BTC/USDT,15m,109354.35,4,0.9463338255882263,0.036819975823163986,0.016846155747771263,UP,0.9463338255882263,UP,UP,BEAR
2025-09-26 00:29:30,BTC/USDT,15m,109354.35,8,0.9779661297798157,0.020542053505778313,0.0014918389497324824,UP,0.9779661297798157,UP,UP,BEAR
2025-09-26 00:29:30,BTC/USDT,15m,109354.35,16,0.9803025722503662,0.01858154684305191,0.001115877996198833,UP,0.9803025722503662,UP,UP,BEAR
2025-09-26 00:34:36,BTC/USDT,15m,109099.99,4,0.9782706499099731,0.015169859863817692,0.006559500936418772,UP,0.9782706499099731,UP,UP,BEAR
2025-09-26 00:34:36,BTC/USDT,15m,109099.99,8,0.9491147994995117,0.047554388642311096,0.0033308500424027443,UP,0.9491147994995117,UP,UP,BEAR
2025-09-26 00:34:36,BTC/USDT,15m,109099.99,16,0.9886927604675293,0.007787598296999931,0.003519675461575389,UP,0.9886927604675293,UP,UP,BEAR
2025-09-26 00:39:44,BTC/USDT,15m,109132.0,4,0.9731705784797668,0.013316063210368156,0.013513286598026752,UP,0.9731705784797668,UP,UP,BEAR
2025-09-26 00:39:44,BTC/USDT,15m,109132.0,8,0.9730578064918518,0.025222331285476685,0.0017198731657117605,UP,0.9730578064918518,UP,UP,BEAR
2025-09-26 00:39:44,BTC/USDT,15m,109132.0,16,0.9903959631919861,0.0084823714569211,0.0011216796701774001,UP,0.9903959631919861,UP,UP,BEAR
2025-09-26 00:44:50,BTC/USDT,15m,108862.32,4,0.9786555767059326,0.010126395151019096,0.011218071915209293,UP,0.9786555767059326,UP,UP,BEAR
2025-09-26 00:44:50,BTC/USDT,15m,108862.32,8,0.985442042350769,0.01300047431141138,0.0015574591234326363,UP,0.985442042350769,UP,UP,BEAR
2025-09-26 00:44:50,BTC/USDT,15m,108862.32,16,0.9879199266433716,0.01098831370472908,0.0010917639592662454,UP,0.9879199266433716,UP,UP,BEAR
2025-09-26 00:49:56,BTC/USDT,15m,108988.85,4,0.8906651735305786,0.06923578679561615,0.040099065750837326,UP,0.8906651735305786,UP,UP,BEAR
2025-09-26 00:49:56,BTC/USDT,15m,108988.85,8,0.9753813147544861,0.020123256370425224,0.00449547590687871,UP,0.9753813147544861,UP,UP,BEAR
2025-09-26 00:49:56,BTC/USDT,15m,108988.85,16,0.9891859889030457,0.006158735137432814,0.0046552568674087524,UP,0.9891859889030457,UP,UP,BEAR
2025-09-26 00:55:03,BTC/USDT,15m,109482.61,4,0.9336022138595581,0.028730010613799095,0.03766781464219093,UP,0.9336022138595581,UP,UP,BEAR
2025-09-26 00:55:03,BTC/USDT,15m,109482.61,8,0.9897564053535461,0.005156124476343393,0.005087538622319698,UP,0.9897564053535461,UP,UP,BEAR
2025-09-26 00:55:03,BTC/USDT,15m,109482.61,16,0.9870294332504272,0.01189926266670227,0.0010713805677369237,UP,0.9870294332504272,UP,UP,BEAR
2025-09-26 01:00:09,BTC/USDT,15m,109502.09,4,0.8434615731239319,0.10987496376037598,0.04666346684098244,UP,0.8434615731239319,UP,UP,BEAR
2025-09-26 01:00:09,BTC/USDT,15m,109502.09,8,0.8837515711784363,0.09582901000976562,0.020419426262378693,UP,0.8837515711784363,UP,UP,BEAR
2025-09-26 01:00:09,BTC/USDT,15m,109502.09,16,0.9806719422340393,0.013051704503595829,0.006276347674429417,UP,0.9806719422340393,UP,UP,BEAR
2025-09-26 01:05:15,BTC/USDT,15m,109473.03,4,0.8696331977844238,0.10408220440149307,0.026284562423825264,UP,0.8696331977844238,UP,UP,BEAR
2025-09-26 01:05:15,BTC/USDT,15m,109473.03,8,0.9580020308494568,0.027021223679184914,0.014976678416132927,UP,0.9580020308494568,UP,UP,BEAR
2025-09-26 01:05:15,BTC/USDT,15m,109473.03,16,0.9826157093048096,0.011391748674213886,0.005992539692670107,UP,0.9826157093048096,UP,UP,BEAR
2025-09-26 01:10:21,BTC/USDT,15m,109333.56,4,0.8844007253646851,0.08602447807788849,0.029574792832136154,UP,0.8844007253646851,UP,UP,BEAR
2025-09-26 01:10:21,BTC/USDT,15m,109333.56,8,0.9898558855056763,0.006933801807463169,0.0032102831173688173,UP,0.9898558855056763,UP,UP,BEAR
2025-09-26 01:10:21,BTC/USDT,15m,109333.56,16,0.9874638319015503,0.011259415186941624,0.001276693306863308,UP,0.9874638319015503,UP,UP,BEAR
2025-09-26 01:15:26,BTC/USDT,15m,109683.16,4,0.8533881902694702,0.08252877742052078,0.0640830397605896,UP,0.8533881902694702,UP,UP,BEAR
2025-09-26 01:15:26,BTC/USDT,15m,109683.16,8,0.9684202075004578,0.025064127519726753,0.006515593733638525,UP,0.9684202075004578,UP,UP,BEAR
2025-09-26 01:15:26,BTC/USDT,15m,109683.16,16,0.9759939908981323,0.016604773700237274,0.007401180919259787,UP,0.9759939908981323,UP,UP,BEAR
2025-09-26 01:20:33,BTC/USDT,15m,109724.98,4,0.9019004106521606,0.0639871209859848,0.03411252051591873,UP,0.9019004106521606,UP,UP,BEAR
2025-09-26 01:20:33,BTC/USDT,15m,109724.98,8,0.9450667500495911,0.046589445322752,0.008343826979398727,UP,0.9450667500495911,UP,UP,BEAR
2025-09-26 01:20:33,BTC/USDT,15m,109724.98,16,0.9730595350265503,0.017002735286951065,0.009937779977917671,UP,0.9730595350265503,UP,UP,BEAR
2025-09-26 01:25:39,BTC/USDT,15m,109622.14,4,0.949957549571991,0.02445490099489689,0.025587541982531548,UP,0.949957549571991,UP,UP,BEAR
2025-09-26 01:25:39,BTC/USDT,15m,109622.14,8,0.979790985584259,0.016177400946617126,0.004031571093946695,UP,0.979790985584259,UP,UP,BEAR
2025-09-26 01:25:39,BTC/USDT,15m,109622.14,16,0.9788786172866821,0.016866767778992653,0.004254624247550964,UP,0.9788786172866821,UP,UP,BEAR
2025-09-26 01:30:45,BTC/USDT,15m,109564.95,4,0.6973636150360107,0.285870760679245,0.016765650361776352,UP,0.6973636150360107,UP,RANGE,BEAR
2025-09-26 01:30:45,BTC/USDT,15m,109564.95,8,0.8758015036582947,0.11816105991601944,0.006037448067218065,UP,0.8758015036582947,UP,UP,BEAR
2025-09-26 01:30:45,BTC/USDT,15m,109564.95,16,0.9140748977661133,0.07311911880970001,0.012805938720703125,UP,0.9140748977661133,UP,UP,BEAR
2025-09-26 01:35:51,BTC/USDT,15m,109687.5,4,0.8211947679519653,0.1665286421775818,0.012276546098291874,UP,0.8211947679519653,UP,UP,BEAR
2025-09-26 01:35:51,BTC/USDT,15m,109687.5,8,0.9174776077270508,0.07268763333559036,0.009834774769842625,UP,0.9174776077270508,UP,UP,BEAR
2025-09-26 01:35:51,BTC/USDT,15m,109687.5,16,0.9121289253234863,0.07587455213069916,0.011996489949524403,UP,0.9121289253234863,UP,UP,BEAR
2025-09-26 01:40:57,BTC/USDT,15m,109581.31,4,0.8441139459609985,0.14424461126327515,0.011641386896371841,UP,0.8441139459609985,UP,UP,BEAR
2025-09-26 01:40:57,BTC/USDT,15m,109581.31,8,0.8675312399864197,0.12324687838554382,0.009221892803907394,UP,0.8675312399864197,UP,UP,BEAR
2025-09-26 01:40:57,BTC/USDT,15m,109581.31,16,0.9347854852676392,0.05371351167559624,0.011501029133796692,UP,0.9347854852676392,UP,UP,BEAR
2025-09-26 01:46:03,BTC/USDT,15m,109658.68,4,0.8575150966644287,0.12633612751960754,0.01614878512918949,UP,0.8575150966644287,UP,UP,BEAR
2025-09-26 01:46:03,BTC/USDT,15m,109658.68,8,0.9741232991218567,0.015383284538984299,0.010493391193449497,UP,0.9741232991218567,UP,UP,BEAR
2025-09-26 01:46:03,BTC/USDT,15m,109658.68,16,0.9423151016235352,0.030290959402918816,0.027393879368901253,UP,0.9423151016235352,UP,UP,BEAR
2025-09-26 01:51:10,BTC/USDT,15m,109648.21,4,0.9245508313179016,0.06337232887744904,0.012076782993972301,UP,0.9245508313179016,UP,UP,BEAR
2025-09-26 01:51:10,BTC/USDT,15m,109648.21,8,0.9734567999839783,0.015256408601999283,0.011286820285022259,UP,0.9734567999839783,UP,UP,BEAR
2025-09-26 01:51:10,BTC/USDT,15m,109648.21,16,0.9569215774536133,0.02159091830253601,0.02148754522204399,UP,0.9569215774536133,UP,UP,BEAR
2025-09-26 01:56:17,BTC/USDT,15m,109593.49,4,0.8762780427932739,0.1114526093006134,0.012269328348338604,UP,0.8762780427932739,UP,UP,BEAR
2025-09-26 01:56:17,BTC/USDT,15m,109593.49,8,0.9881487488746643,0.005991584621369839,0.005859731696546078,UP,0.9881487488746643,UP,UP,BEAR
2025-09-26 01:56:17,BTC/USDT,15m,109593.49,16,0.9697204828262329,0.020774101838469505,0.00950541440397501,UP,0.9697204828262329,UP,UP,BEAR
2025-09-26 02:01:23,BTC/USDT,15m,109667.7,4,0.9263911247253418,0.0350448377430439,0.03856406733393669,UP,0.9263911247253418,UP,UP,BEAR
2025-09-26 02:01:23,BTC/USDT,15m,109667.7,8,0.993224024772644,0.0034471340477466583,0.0033289147540926933,UP,0.993224024772644,UP,UP,BEAR
2025-09-26 02:01:23,BTC/USDT,15m,109667.7,16,0.9235857725143433,0.01606886461377144,0.0603453703224659,UP,0.9235857725143433,UP,UP,BEAR
2025-09-26 02:06:29,BTC/USDT,15m,109766.09,4,0.723703920841217,0.013722429983317852,0.26257362961769104,UP,0.723703920841217,UP,UP,BEAR
2025-09-26 02:06:29,BTC/USDT,15m,109766.09,8,0.9837386608123779,0.008003651164472103,0.008257671259343624,UP,0.9837386608123779,UP,UP,BEAR
2025-09-26 02:06:29,BTC/USDT,15m,109766.09,16,0.9326922297477722,0.014085998758673668,0.053221702575683594,UP,0.9326922297477722,UP,UP,BEAR
2025-09-26 02:11:35,BTC/USDT,15m,109583.52,4,0.946418821811676,0.03430118411779404,0.019279925152659416,UP,0.946418821811676,UP,UP,BEAR
2025-09-26 02:11:35,BTC/USDT,15m,109583.52,8,0.99469393491745,0.0031277856323868036,0.002178257331252098,UP,0.99469393491745,UP,UP,BEAR
2025-09-26 02:11:35,BTC/USDT,15m,109583.52,16,0.9649520516395569,0.013695009984076023,0.02135288342833519,UP,0.9649520516395569,UP,UP,BEAR
2025-09-26 02:16:40,BTC/USDT,15m,109740.02,4,0.904431939125061,0.08180535584688187,0.013762658461928368,UP,0.904431939125061,UP,UP,BEAR
2025-09-26 02:16:40,BTC/USDT,15m,109740.02,8,0.9793790578842163,0.012531466782093048,0.00808942224830389,UP,0.9793790578842163,UP,UP,BEAR
2025-09-26 02:16:40,BTC/USDT,15m,109740.02,16,0.9097987413406372,0.01819312386214733,0.0720081776380539,UP,0.9097987413406372,UP,UP,BEAR
2025-09-26 02:21:46,BTC/USDT,15m,109731.43,4,0.946229875087738,0.03901884704828262,0.014751279726624489,UP,0.946229875087738,UP,UP,BEAR
2025-09-26 02:21:46,BTC/USDT,15m,109731.43,8,0.9801897406578064,0.013554044999182224,0.006256151013076305,UP,0.9801897406578064,UP,UP,BEAR
2025-09-26 02:21:46,BTC/USDT,15m,109731.43,16,0.953920841217041,0.018298281356692314,0.027780890464782715,UP,0.953920841217041,UP,UP,BEAR
2025-09-26 02:26:53,BTC/USDT,15m,109567.09,4,0.967779278755188,0.02549443207681179,0.006726293358951807,UP,0.967779278755188,UP,UP,BEAR
2025-09-26 02:26:53,BTC/USDT,15m,109567.09,8,0.9930101037025452,0.005971046630293131,0.0010187654988840222,UP,0.9930101037025452,UP,UP,BEAR
2025-09-26 02:26:53,BTC/USDT,15m,109567.09,16,0.9734706878662109,0.012498095631599426,0.01403121743351221,UP,0.9734706878662109,UP,UP,BEAR
2025-09-26 02:31:59,BTC/USDT,15m,109522.96,4,0.8861293196678162,0.10921604186296463,0.004654636140912771,UP,0.8861293196678162,UP,UP,BEAR
2025-09-26 02:31:59,BTC/USDT,15m,109522.96,8,0.96671462059021,0.02952071651816368,0.003764681052416563,UP,0.96671462059021,UP,UP,BEAR
2025-09-26 02:31:59,BTC/USDT,15m,109522.96,16,0.901917040348053,0.023899095132946968,0.07418379932641983,UP,0.901917040348053,UP,UP,BEAR
2025-09-26 02:37:05,BTC/USDT,15m,109650.0,4,0.8972653150558472,0.09405086934566498,0.008683830499649048,UP,0.8972653150558472,UP,UP,BEAR
2025-09-26 02:37:05,BTC/USDT,15m,109650.0,8,0.9738184809684753,0.01827068440616131,0.007910762913525105,UP,0.9738184809684753,UP,UP,BEAR
2025-09-26 02:37:05,BTC/USDT,15m,109650.0,16,0.9441488981246948,0.01961388997733593,0.03623718395829201,UP,0.9441488981246948,UP,UP,BEAR
2025-09-26 02:42:11,BTC/USDT,15m,109567.62,4,0.9604665040969849,0.032642483711242676,0.006890944205224514,UP,0.9604665040969849,UP,UP,BEAR
2025-09-26 02:42:11,BTC/USDT,15m,109567.62,8,0.977780282497406,0.016320141032338142,0.0058995201252400875,UP,0.977780282497406,UP,UP,BEAR
2025-09-26 02:42:11,BTC/USDT,15m,109567.62,16,0.9690819382667542,0.012985588051378727,0.017932400107383728,UP,0.9690819382667542,UP,UP,BEAR
2025-09-26 02:47:17,BTC/USDT,15m,109631.43,4,0.7930880188941956,0.12244240194559097,0.08446956425905228,UP,0.7930880188941956,UP,UP,BEAR
2025-09-26 02:47:17,BTC/USDT,15m,109631.43,8,0.9820669889450073,0.0065590995363891125,0.011373861692845821,UP,0.9820669889450073,UP,UP,BEAR
2025-09-26 02:47:17,BTC/USDT,15m,109631.43,16,0.8367383480072021,0.03663645684719086,0.12662523984909058,UP,0.8367383480072021,UP,UP,BEAR
2025-09-26 02:52:23,BTC/USDT,15m,109680.05,4,0.8440669775009155,0.12810085713863373,0.02783208340406418,UP,0.8440669775009155,UP,UP,BEAR
2025-09-26 02:52:23,BTC/USDT,15m,109680.05,8,0.9299220442771912,0.05113016813993454,0.018947860226035118,UP,0.9299220442771912,UP,UP,BEAR
2025-09-26 02:52:23,BTC/USDT,15m,109680.05,16,0.9029818177223206,0.04336103796958923,0.05365718901157379,UP,0.9029818177223206,UP,UP,BEAR
2025-09-26 02:57:30,BTC/USDT,15m,109605.33,4,0.9097975492477417,0.07413360476493835,0.01606881432235241,UP,0.9097975492477417,UP,UP,BEAR
2025-09-26 02:57:30,BTC/USDT,15m,109605.33,8,0.9773226976394653,0.01726084202528,0.005416413303464651,UP,0.9773226976394653,UP,UP,BEAR
2025-09-26 02:57:30,BTC/USDT,15m,109605.33,16,0.9109869003295898,0.048235584050416946,0.040777537971735,UP,0.9109869003295898,UP,UP,BEAR
2025-09-26 03:02:35,BTC/USDT,15m,109529.05,4,0.9426437020301819,0.05399738997220993,0.0033589075319468975,UP,0.9426437020301819,UP,UP,BEAR
2025-09-26 03:02:35,BTC/USDT,15m,109529.05,8,0.9217402935028076,0.07281128317117691,0.005448483861982822,UP,0.9217402935028076,UP,UP,BEAR
2025-09-26 03:02:35,BTC/USDT,15m,109529.05,16,0.8043031096458435,0.07695352286100388,0.1187434047460556,UP,0.8043031096458435,UP,UP,BEAR
2025-09-26 03:07:42,BTC/USDT,15m,109376.23,4,0.9693735837936401,0.02378884144127369,0.006837588269263506,UP,0.9693735837936401,UP,UP,BEAR
2025-09-26 03:07:42,BTC/USDT,15m,109376.23,8,0.944270670413971,0.03799140825867653,0.01773790456354618,UP,0.944270670413971,UP,UP,BEAR
2025-09-26 03:07:42,BTC/USDT,15m,109376.23,16,0.9411947131156921,0.04100720211863518,0.017798006534576416,UP,0.9411947131156921,UP,UP,BEAR
2025-09-26 03:12:48,BTC/USDT,15m,109521.82,4,0.975620448589325,0.017543841153383255,0.006835704203695059,UP,0.975620448589325,UP,UP,BEAR
2025-09-26 03:12:48,BTC/USDT,15m,109521.82,8,0.9172060489654541,0.06767943501472473,0.015114491805434227,UP,0.9172060489654541,UP,UP,BEAR
2025-09-26 03:12:48,BTC/USDT,15m,109521.82,16,0.9481001496315002,0.03599300980567932,0.015906862914562225,UP,0.9481001496315002,UP,UP,BEAR
2025-09-26 03:17:54,BTC/USDT,15m,109626.28,4,0.8472763895988464,0.1358078271150589,0.01691581681370735,UP,0.8472763895988464,UP,UP,BEAR
2025-09-26 03:17:54,BTC/USDT,15m,109626.28,8,0.8584534525871277,0.05642038211226463,0.08512620627880096,UP,0.8584534525871277,UP,UP,BEAR
2025-09-26 03:17:54,BTC/USDT,15m,109626.28,16,0.7749524712562561,0.047823067754507065,0.17722442746162415,UP,0.7749524712562561,UP,UP,BEAR
2025-09-26 03:23:00,BTC/USDT,15m,109515.99,4,0.9404700398445129,0.05275178700685501,0.006778215989470482,UP,0.9404700398445129,UP,UP,BEAR
2025-09-26 03:23:00,BTC/USDT,15m,109515.99,8,0.918729841709137,0.03829280287027359,0.04297735169529915,UP,0.918729841709137,UP,UP,BEAR
2025-09-26 03:23:00,BTC/USDT,15m,109515.99,16,0.937371015548706,0.03516941890120506,0.02745959348976612,UP,0.937371015548706,UP,UP,BEAR
2025-09-26 03:28:06,BTC/USDT,15m,109404.54,4,0.9428750872612,0.037837713956832886,0.01928713358938694,UP,0.9428750872612,UP,UP,BEAR
2025-09-26 03:28:06,BTC/USDT,15m,109404.54,8,0.9721927642822266,0.007317309733480215,0.02048998884856701,UP,0.9721927642822266,UP,UP,BEAR
2025-09-26 03:28:06,BTC/USDT,15m,109404.54,16,0.9643619060516357,0.02571440301835537,0.009923664852976799,UP,0.9643619060516357,UP,UP,BEAR
2025-09-26 03:33:13,BTC/USDT,15m,109323.91,4,0.9029917120933533,0.0823298841714859,0.014678431674838066,UP,0.9029917120933533,UP,UP,BEAR
2025-09-26 03:33:13,BTC/USDT,15m,109323.91,8,0.9594888091087341,0.025789033621549606,0.014722188003361225,UP,0.9594888091087341,UP,UP,BEAR
2025-09-26 03:33:13,BTC/USDT,15m,109323.91,16,0.9465960264205933,0.011841226369142532,0.041562750935554504,UP,0.9465960264205933,UP,UP,BEAR
2025-09-26 03:38:19,BTC/USDT,15m,109306.38,4,0.8862220048904419,0.10230445861816406,0.011473492719233036,UP,0.8862220048904419,UP,UP,BEAR
2025-09-26 03:38:19,BTC/USDT,15m,109306.38,8,0.9253692030906677,0.05366562306880951,0.02096511423587799,UP,0.9253692030906677,UP,UP,BEAR
2025-09-26 03:38:19,BTC/USDT,15m,109306.38,16,0.9482403993606567,0.010945084504783154,0.040814436972141266,UP,0.9482403993606567,UP,UP,BEAR
2025-09-26 03:43:27,BTC/USDT,15m,109406.79,4,0.874760627746582,0.0832211971282959,0.042018137872219086,UP,0.874760627746582,UP,UP,BEAR
2025-09-26 03:43:27,BTC/USDT,15m,109406.79,8,0.917168378829956,0.0422937348484993,0.04053785651922226,UP,0.917168378829956,UP,UP,BEAR
2025-09-26 03:43:27,BTC/USDT,15m,109406.79,16,0.9592128396034241,0.019973069429397583,0.020814048126339912,UP,0.9592128396034241,UP,UP,BEAR
2025-09-26 03:48:33,BTC/USDT,15m,109348.46,4,0.8460791110992432,0.12087486684322357,0.03304597735404968,UP,0.8460791110992432,UP,UP,BEAR
2025-09-26 03:48:33,BTC/USDT,15m,109348.46,8,0.9621679186820984,0.028448166325688362,0.009383875876665115,UP,0.9621679186820984,UP,UP,BEAR
2025-09-26 03:48:33,BTC/USDT,15m,109348.46,16,0.9460941553115845,0.01324392482638359,0.04066198319196701,UP,0.9460941553115845,UP,UP,BEAR
2025-09-26 03:53:39,BTC/USDT,15m,109629.55,4,0.7352486848831177,0.022787293419241905,0.24196404218673706,UP,0.7352486848831177,UP,UP,BEAR
2025-09-26 03:53:39,BTC/USDT,15m,109629.55,8,0.8119581341743469,0.08603151887655258,0.10201037675142288,UP,0.8119581341743469,UP,UP,BEAR
2025-09-26 03:53:39,BTC/USDT,15m,109629.55,16,0.9800577163696289,0.010640195570886135,0.009302142076194286,UP,0.9800577163696289,UP,UP,BEAR
2025-09-26 03:58:44,BTC/USDT,15m,109617.37,4,0.769806981086731,0.02241579256951809,0.2077772319316864,UP,0.769806981086731,UP,UP,BEAR
2025-09-26 03:58:44,BTC/USDT,15m,109617.37,8,0.8929517865180969,0.04467291012406349,0.062375277280807495,UP,0.8929517865180969,UP,UP,BEAR
2025-09-26 03:58:44,BTC/USDT,15m,109617.37,16,0.9790129661560059,0.011440031230449677,0.009546997956931591,UP,0.9790129661560059,UP,UP,BEAR
2025-09-26 04:03:50,BTC/USDT,15m,109540.01,4,0.7082675099372864,0.19483189284801483,0.09690060466527939,UP,0.7082675099372864,UP,UP,BEAR
2025-09-26 04:03:50,BTC/USDT,15m,109540.01,8,0.7088388800621033,0.23827460408210754,0.05288650840520859,UP,0.7088388800621033,UP,UP,BEAR
2025-09-26 04:03:50,BTC/USDT,15m,109540.01,16,0.908743143081665,0.016843250021338463,0.07441356778144836,UP,0.908743143081665,UP,UP,BEAR
2025-09-26 04:08:58,BTC/USDT,15m,109461.26,4,0.6304638385772705,0.04881508648395538,0.3207211196422577,UP,0.6304638385772705,UP,RANGE,BEAR
2025-09-26 04:08:58,BTC/USDT,15m,109461.26,8,0.7440577745437622,0.14664976298809052,0.10929246246814728,UP,0.7440577745437622,UP,UP,BEAR
2025-09-26 04:08:58,BTC/USDT,15m,109461.26,16,0.9602090716362,0.017293505370616913,0.022497443482279778,UP,0.9602090716362,UP,UP,BEAR
2025-09-26 04:14:04,BTC/USDT,15m,109501.01,4,0.6314241290092468,0.022951675578951836,0.345624178647995,UP,0.6314241290092468,NEUTRE,RANGE,BEAR
2025-09-26 04:14:04,BTC/USDT,15m,109501.01,8,0.7652080655097961,0.14940589666366577,0.0853860080242157,UP,0.7652080655097961,UP,UP,BEAR
2025-09-26 04:14:04,BTC/USDT,15m,109501.01,16,0.9617289900779724,0.015045570209622383,0.023225484415888786,UP,0.9617289900779724,UP,UP,BEAR
2025-09-26 04:19:11,BTC/USDT,15m,109487.27,4,0.6735659241676331,0.28207990527153015,0.04435418173670769,UP,0.6735659241676331,NEUTRE,RANGE,BEAR
2025-09-26 04:19:11,BTC/USDT,15m,109487.27,8,0.7200981974601746,0.26675650477409363,0.013145352713763714,UP,0.7200981974601746,UP,UP,BEAR
2025-09-26 04:19:11,BTC/USDT,15m,109487.27,16,0.8775074481964111,0.03250196948647499,0.08999060094356537,UP,0.8775074481964111,UP,UP,BEAR
2025-09-26 04:24:17,BTC/USDT,15m,109573.38,4,0.7289084792137146,0.16622768342494965,0.10486380755901337,UP,0.7289084792137146,NEUTRE,UP,BEAR
2025-09-26 04:24:17,BTC/USDT,15m,109573.38,8,0.9132012128829956,0.05571049451828003,0.031088275834918022,UP,0.9132012128829956,UP,UP,BEAR
2025-09-26 04:24:17,BTC/USDT,15m,109573.38,16,0.9337663054466248,0.03080541267991066,0.03542831912636757,UP,0.9337663054466248,UP,UP,BEAR
2025-09-26 04:29:23,BTC/USDT,15m,109409.12,4,0.8320295214653015,0.04751797765493393,0.12045250087976456,UP,0.8320295214653015,UP,UP,BEAR
2025-09-26 04:29:23,BTC/USDT,15m,109409.12,8,0.8852997422218323,0.09310638904571533,0.021593911573290825,UP,0.8852997422218323,UP,UP,BEAR
2025-09-26 04:29:23,BTC/USDT,15m,109409.12,16,0.9520080089569092,0.033761389553546906,0.014230647124350071,UP,0.9520080089569092,UP,UP,BEAR
2025-09-26 04:34:29,BTC/USDT,15m,109312.81,4,0.8077704310417175,0.11825031787157059,0.07397927343845367,UP,0.8077704310417175,UP,UP,BEAR
2025-09-26 04:34:29,BTC/USDT,15m,109312.81,8,0.9659598469734192,0.029564134776592255,0.004475950729101896,UP,0.9659598469734192,UP,UP,BEAR
2025-09-26 04:34:29,BTC/USDT,15m,109312.81,16,0.9809050559997559,0.011598358862102032,0.0074965269304811954,UP,0.9809050559997559,UP,UP,BEAR
2025-09-26 04:39:35,BTC/USDT,15m,109264.54,4,0.73555988073349,0.051147278398275375,0.21329285204410553,UP,0.73555988073349,UP,UP,BEAR
2025-09-26 04:39:35,BTC/USDT,15m,109264.54,8,0.9255613684654236,0.061359718441963196,0.013078897260129452,UP,0.9255613684654236,UP,UP,BEAR
2025-09-26 04:39:35,BTC/USDT,15m,109264.54,16,0.9881753921508789,0.009299905970692635,0.0025247407611459494,UP,0.9881753921508789,UP,UP,BEAR
2025-09-26 04:44:41,BTC/USDT,15m,109250.88,4,0.7104461193084717,0.03169938549399376,0.25785449147224426,UP,0.7104461193084717,UP,UP,BEAR
2025-09-26 04:44:41,BTC/USDT,15m,109250.88,8,0.9512708783149719,0.0414205864071846,0.007308515254408121,UP,0.9512708783149719,UP,UP,BEAR
2025-09-26 04:44:41,BTC/USDT,15m,109250.88,16,0.9912926554679871,0.00766854640096426,0.0010387353831902146,UP,0.9912926554679871,UP,UP,BEAR
2025-09-26 04:49:47,BTC/USDT,15m,109283.71,4,0.5713546872138977,0.03248682618141174,0.39615848660469055,UP,0.5713546872138977,UP,RANGE,BEAR
2025-09-26 04:49:47,BTC/USDT,15m,109283.71,8,0.9520934820175171,0.024228224530816078,0.023678287863731384,UP,0.9520934820175171,UP,UP,BEAR
2025-09-26 04:49:47,BTC/USDT,15m,109283.71,16,0.9860553741455078,0.005759733729064465,0.008184884674847126,UP,0.9860553741455078,UP,UP,BEAR
2025-09-26 04:54:54,BTC/USDT,15m,109349.78,4,0.6603744626045227,0.011372544802725315,0.32825303077697754,UP,0.6603744626045227,NEUTRE,RANGE,BEAR
2025-09-26 04:54:54,BTC/USDT,15m,109349.78,8,0.9168933033943176,0.0442318432033062,0.038874875754117966,UP,0.9168933033943176,UP,UP,BEAR
2025-09-26 04:54:54,BTC/USDT,15m,109349.78,16,0.9890241622924805,0.004218646790832281,0.0067571671679615974,UP,0.9890241622924805,UP,UP,BEAR
2025-09-26 05:00:00,BTC/USDT,15m,109338.02,4,0.6098499298095703,0.012269309721887112,0.3778807520866394,UP,0.6098499298095703,NEUTRE,RANGE,BEAR
2025-09-26 05:00:00,BTC/USDT,15m,109338.02,8,0.9074669480323792,0.05162845924496651,0.04090462997555733,UP,0.9074669480323792,UP,UP,BEAR
2025-09-26 05:00:00,BTC/USDT,15m,109338.02,16,0.9893651008605957,0.0051652234978973866,0.00546973617747426,UP,0.9893651008605957,UP,UP,BEAR
2025-09-26 05:05:07,BTC/USDT,15m,109420.49,4,0.6119213104248047,0.07891076803207397,0.3091679513454437,UP,0.6119213104248047,NEUTRE,RANGE,BEAR
2025-09-26 05:05:07,BTC/USDT,15m,109420.49,8,0.8866645097732544,0.07980113476514816,0.033534325659275055,UP,0.8866645097732544,UP,UP,BEAR
2025-09-26 05:05:07,BTC/USDT,15m,109420.49,16,0.9759939908981323,0.00754014914855361,0.016465838998556137,UP,0.9759939908981323,UP,UP,BEAR
2025-09-26 05:10:13,BTC/USDT,15m,109410.73,4,0.5820619463920593,0.03455806151032448,0.3833800256252289,UP,0.5820619463920593,NEUTRE,RANGE,BEAR
2025-09-26 05:10:13,BTC/USDT,15m,109410.73,8,0.8668413758277893,0.08099335432052612,0.05216521769762039,UP,0.8668413758277893,UP,UP,BEAR
2025-09-26 05:10:13,BTC/USDT,15m,109410.73,16,0.981596052646637,0.0077966442331671715,0.010607274249196053,UP,0.981596052646637,UP,UP,BEAR
2025-09-26 05:15:19,BTC/USDT,15m,109427.68,4,0.7803207039833069,0.022335607558488846,0.19734370708465576,UP,0.7803207039833069,NEUTRE,UP,BEAR
2025-09-26 05:15:19,BTC/USDT,15m,109427.68,8,0.6702904105186462,0.29638075828552246,0.03332880884408951,UP,0.6702904105186462,UP,RANGE,BEAR
2025-09-26 05:15:19,BTC/USDT,15m,109427.68,16,0.9756845831871033,0.01051454059779644,0.013800878077745438,UP,0.9756845831871033,UP,UP,BEAR
2025-09-26 05:20:26,BTC/USDT,15m,109541.51,4,0.7807996869087219,0.024723315611481667,0.19447696208953857,UP,0.7807996869087219,UP,UP,BEAR
2025-09-26 05:20:26,BTC/USDT,15m,109541.51,8,0.8779008984565735,0.048852384090423584,0.07324674725532532,UP,0.8779008984565735,UP,UP,BEAR
2025-09-26 05:20:26,BTC/USDT,15m,109541.51,16,0.9757864475250244,0.00948807317763567,0.014725422486662865,UP,0.9757864475250244,UP,UP,BEAR
2025-09-26 05:25:33,BTC/USDT,15m,109577.86,4,0.689568817615509,0.02178303338587284,0.2886481285095215,UP,0.689568817615509,UP,RANGE,BEAR
2025-09-26 05:25:33,BTC/USDT,15m,109577.86,8,0.8581308126449585,0.048905134201049805,0.09296400845050812,UP,0.8581308126449585,UP,UP,BEAR
2025-09-26 05:25:33,BTC/USDT,15m,109577.86,16,0.9758331179618835,0.009018226526677608,0.01514866016805172,UP,0.9758331179618835,UP,UP,BEAR
2025-09-26 05:30:39,BTC/USDT,15m,109513.65,4,0.7828269600868225,0.18757295608520508,0.029600024223327637,UP,0.7828269600868225,UP,UP,BEAR
2025-09-26 05:30:39,BTC/USDT,15m,109513.65,8,0.623505711555481,0.3449931740760803,0.031501103192567825,UP,0.623505711555481,UP,RANGE,BEAR
2025-09-26 05:30:39,BTC/USDT,15m,109513.65,16,0.9614976048469543,0.013011555187404156,0.025490807369351387,UP,0.9614976048469543,UP,UP,BEAR
2025-09-26 05:35:46,BTC/USDT,15m,109453.11,4,0.826081395149231,0.13005897402763367,0.043859608471393585,UP,0.826081395149231,UP,UP,BEAR
2025-09-26 05:35:46,BTC/USDT,15m,109453.11,8,0.7666833400726318,0.21881912648677826,0.014497525990009308,UP,0.7666833400726318,UP,UP,BEAR
2025-09-26 05:35:46,BTC/USDT,15m,109453.11,16,0.9781070351600647,0.009065035730600357,0.012827880680561066,UP,0.9781070351600647,UP,UP,BEAR
2025-09-26 05:40:52,BTC/USDT,15m,109335.5,4,0.8764541149139404,0.04801679030060768,0.0755290538072586,UP,0.8764541149139404,UP,UP,BEAR
2025-09-26 05:40:52,BTC/USDT,15m,109335.5,8,0.7211668491363525,0.24931107461452484,0.029522079974412918,UP,0.7211668491363525,UP,UP,BEAR
2025-09-26 05:40:52,BTC/USDT,15m,109335.5,16,0.99212247133255,0.004707233514636755,0.003170292591676116,UP,0.99212247133255,UP,UP,BEAR
2025-09-26 05:45:58,BTC/USDT,15m,109321.24,4,0.556366503238678,0.35165706276893616,0.09197644144296646,UP,0.556366503238678,UP,RANGE,BEAR
2025-09-26 05:45:58,BTC/USDT,15m,109321.24,8,0.9497643113136292,0.04311809316277504,0.007117636501789093,UP,0.9497643113136292,UP,UP,BEAR
2025-09-26 05:45:58,BTC/USDT,15m,109321.24,16,0.9420568346977234,0.041480910032987595,0.016462242230772972,UP,0.9420568346977234,UP,UP,BEAR
2025-09-26 05:51:04,BTC/USDT,15m,109157.4,4,0.6861183047294617,0.0786595344543457,0.23522219061851501,UP,0.6861183047294617,NEUTRE,RANGE,BEAR
2025-09-26 05:51:04,BTC/USDT,15m,109157.4,8,0.9775933027267456,0.011722876690328121,0.010683749802410603,UP,0.9775933027267456,UP,UP,BEAR
2025-09-26 05:51:04,BTC/USDT,15m,109157.4,16,0.9889919757843018,0.009709573350846767,0.0012984349159523845,UP,0.9889919757843018,UP,UP,BEAR
2025-09-26 05:56:10,BTC/USDT,15m,109269.84,4,0.6784758567810059,0.09658363461494446,0.22494050860404968,UP,0.6784758567810059,NEUTRE,RANGE,BEAR
2025-09-26 05:56:10,BTC/USDT,15m,109269.84,8,0.9863787889480591,0.006573835853487253,0.007047377992421389,UP,0.9863787889480591,UP,UP,BEAR
2025-09-26 05:56:10,BTC/USDT,15m,109269.84,16,0.9897850155830383,0.008939425460994244,0.0012756178621202707,UP,0.9897850155830383,UP,UP,BEAR
2025-09-26 06:01:17,BTC/USDT,15m,109269.84,4,0.39533162117004395,0.38959136605262756,0.21507704257965088,UP,0.39533162117004395,NEUTRE,RANGE,BEAR
2025-09-26 06:01:17,BTC/USDT,15m,109269.84,8,0.95090651512146,0.030251361429691315,0.018842170014977455,UP,0.95090651512146,UP,UP,BEAR
2025-09-26 06:01:17,BTC/USDT,15m,109269.84,16,0.9914088845252991,0.0038731414824724197,0.004717981908470392,UP,0.9914088845252991,UP,UP,BEAR
2025-09-26 06:06:23,BTC/USDT,15m,109254.05,4,0.3701186180114746,0.4205271899700165,0.20935417711734772,RANGE,0.4205271899700165,NEUTRE,RANGE,BEAR
2025-09-26 06:06:23,BTC/USDT,15m,109254.05,8,0.9173492789268494,0.054121699184179306,0.028529012575745583,UP,0.9173492789268494,UP,UP,BEAR
2025-09-26 06:06:23,BTC/USDT,15m,109254.05,16,0.9945240020751953,0.002585437148809433,0.0028905333019793034,UP,0.9945240020751953,UP,UP,BEAR
